frameID,BVH,gBuffer,shadowMask,lighting,copy0,0.0006464,1.09484,0.0005888,0.424173,0.092896
1,0.000608,1.09357,0.0006976,0.417146,0.11769
2,0.0006208,1.15056,0.000576,0.424358,0.0927168
3,0.000608,1.23032,0.000576,0.417741,0.092448
4,0.0005888,1.42284,0.0005568,0.420698,0.093312
5,0.0005952,1.35033,0.000544,0.422374,0.0926144
6,0.0005952,1.39859,0.0005696,0.408634,0.0918912
7,0.0005824,1.41934,0.000576,0.420813,0.142464
8,0.000576,1.43104,0.0005568,0.419539,0.141978
9,0.0006272,1.36828,0.000576,0.409331,0.142374
10,0.0006144,1.38804,0.0005504,0.419827,0.0911104
11,0.0005952,1.40018,0.0005696,0.418886,0.141344
12,0.0005824,1.41412,0.000608,0.419859,0.0908352
13,0.0005952,1.40682,0.0005504,0.419424,0.0905728
14,0.000608,1.37953,0.0005568,0.419725,0.141126
15,0.000608,1.39181,0.0005568,0.415405,0.0916928
16,0.0005952,1.4314,0.0005568,0.422202,0.0915456
17,0.0006208,1.42994,0.0005504,0.422202,0.0915904
18,0.0006592,1.35548,0.0005632,0.422227,0.115584
19,0.0005824,1.37189,0.0005824,0.420416,0.141926
20,0.0005888,1.35427,0.0005568,0.420966,0.0917696
21,0.0005824,1.30358,0.0005504,0.418118,0.141619
22,0.0005824,1.35226,0.0005632,0.418861,0.115578
23,0.000608,1.29878,0.0005824,0.413965,0.1424
24,0.000608,1.27853,0.0005696,0.41353,0.0945408
25,0.0005824,1.28923,0.000576,0.408685,0.0922368
26,0.0006464,1.34623,0.000608,0.412902,0.0918464
27,0.0005888,1.29489,0.0005504,0.408723,0.0917696
28,0.0005824,1.36223,0.0005568,0.417466,0.09184
29,0.0005888,1.39603,0.0005568,0.417114,0.0931968
30,0.0005888,1.42938,0.0006272,0.41952,0.0921856
31,0.0006016,1.41028,0.0005568,0.414061,0.0920896
32,0.0006144,1.39976,0.0005824,0.411859,0.11616
33,0.0006144,1.44153,0.0005376,0.420192,0.142458
34,0.0005824,1.4335,0.0005888,0.419686,0.142694
35,0.0005824,1.41944,0.0005504,0.419642,0.0942528
36,0.0005824,1.42309,0.0005504,0.420819,0.142803
37,0.0005824,1.42289,0.0005504,0.41911,0.116102
38,0.0005952,1.41417,0.000544,0.423462,0.0926656
39,0.0005824,1.43224,0.0005376,0.413165,0.115373
40,0.0005824,1.42008,0.0005568,0.419251,0.142413
41,0.0005824,1.40632,0.000544,0.418541,0.141824
42,0.0005952,1.38518,0.0005504,0.420237,0.115418
43,0.0006208,1.37458,0.000576,0.412858,0.141901
44,0.0005952,1.35817,0.0005632,0.418925,0.141907
45,0.0005952,1.37325,0.0005504,0.418413,0.141517
46,0.0005952,1.36423,0.0005568,0.419482,0.0920512
47,0.0006208,1.3427,0.0005632,0.420659,0.0922048
48,0.000608,1.28521,0.0005632,0.417805,0.0922368
49,0.0005952,1.28413,0.0005568,0.416755,0.09248
50,0.000608,1.23615,0.0005568,0.41577,0.141741
51,0.0005888,1.17284,0.0005568,0.412448,0.093024
52,0.0005952,1.25006,0.0005376,0.413325,0.115411
53,0.0005888,1.27799,0.0005504,0.411942,0.14167
54,0.0006016,1.28827,0.0006016,0.410566,0.116192
55,0.0005888,1.32435,0.0005312,0.414509,0.142221
56,0.0006016,1.30883,0.0005504,0.420698,0.0922304
57,0.0005888,1.3576,0.0005696,0.418272,0.116205
58,0.0005888,1.47427,0.0005568,0.419168,0.092768
59,0.000576,1.50257,0.000544,0.419392,0.14617
60,0.0005952,1.45407,0.0005568,0.42279,0.118477
61,0.0006336,1.45068,0.0005952,0.418752,0.143373
62,0.0005824,1.43704,0.0005568,0.412979,0.144947
63,0.00064,1.4542,0.0005504,0.420678,0.0943424
64,0.0005888,1.4368,0.0005568,0.416723,0.145178
65,0.0006144,1.44246,0.000544,0.417459,0.117792
66,0.0006016,1.41072,0.000576,0.417728,0.142944
67,0.0006336,1.40177,0.000576,0.417261,0.0945664
68,0.0005952,1.38308,0.000608,0.414893,0.143021
69,0.0005888,1.35891,0.0005696,0.415866,0.091968
70,0.0005952,1.3465,0.0005824,0.407648,0.143642
71,0.0005952,1.33793,0.0005632,0.411494,0.0915712
72,0.0005888,1.27883,0.0005568,0.398266,0.141786
73,0.0005888,1.28118,0.0005504,0.411219,0.115866
74,0.0005888,1.27501,0.0005376,0.406758,0.0925312
75,0.0006016,1.19656,0.0005632,0.406477,0.143014
76,0.0006016,1.13804,0.0006272,0.413805,0.115142
77,0.0006144,1.00134,0.000544,0.414253,0.0925312
78,0.0006272,1.00044,0.0005568,0.412979,0.143142
79,0.0005952,1.01172,0.0005568,0.416352,0.0916096
80,0.0005888,1.01453,0.000576,0.412256,0.0920704
81,0.000608,1.04199,0.0005504,0.41504,0.0922496
82,0.0006208,1.02255,0.0005568,0.414579,0.0924032
83,0.0005952,1.03895,0.0005632,0.408493,0.142438
84,0.0006592,1.05048,0.0005504,0.415533,0.115514
85,0.0006016,1.02398,0.0005376,0.415878,0.0941568
86,0.0005888,1.0406,0.0005504,0.41488,0.091552
87,0.0005888,1.0258,0.0005504,0.414387,0.14224
88,0.0005632,1.13808,0.0005504,0.412269,0.0917888
89,0.0005952,1.2722,0.0005504,0.414541,0.141363
90,0.0005952,1.26225,0.0005568,0.413933,0.142061
91,0.0005952,1.20781,0.0005376,0.413568,0.115533
92,0.0005824,1.19373,0.000576,0.410822,0.142259
93,0.0005824,1.1529,0.0005568,0.412678,0.091808
94,0.0006016,1.1262,0.0005888,0.411526,0.142214
95,0.0006592,0.970074,0.0006272,0.415552,0.0921344
96,0.0006528,1.00618,0.0005632,0.413235,0.0920512
97,0.0005888,0.986342,0.0005824,0.412006,0.0918016
98,0.0005952,0.976102,0.0006272,0.407373,0.0923456
99,0.0006208,0.969069,0.0005568,0.412038,0.142323
100,0.0005952,0.961523,0.0005504,0.411578,0.091744
101,0.000576,0.954221,0.0005632,0.411258,0.092128
102,0.0005824,0.968486,0.0005504,0.410899,0.0918464
103,0.0006592,0.958714,0.000544,0.408704,0.14201
104,0.0005952,0.945696,0.0005696,0.407002,0.141837
105,0.0006016,0.94121,0.0005568,0.401811,0.092032
106,0.0005824,0.943923,0.0005504,0.40953,0.115725
107,0.0006016,0.941037,0.0005824,0.410202,0.115347
108,0.0005824,0.964954,0.0006016,0.408506,0.0921152
109,0.0005696,0.953562,0.0005504,0.408922,0.0915776
110,0.000576,0.931834,0.0005504,0.400742,0.115552
111,0.0005824,0.905722,0.0005504,0.4056,0.0916608
112,0.0005824,0.908896,0.0005568,0.40311,0.176096
113,0.0005888,0.923328,0.000544,0.403731,0.0917056
114,0.0005824,0.917766,0.0005376,0.405152,0.11609
115,0.000576,0.921453,0.0005504,0.406918,0.0918912
116,0.0006016,0.890278,0.0005504,0.407315,0.116
117,0.0006272,0.847744,0.0005504,0.405971,0.0914816
118,0.0005888,0.84471,0.0005568,0.406547,0.0925504
119,0.0006208,1.06816,0.000544,0.406432,0.14128
120,0.0005952,1.05955,0.0005568,0.411392,0.0916352
121,0.0006016,1.15481,0.000544,0.40089,0.11529
122,0.0005952,1.20675,0.000544,0.398355,0.091648
123,0.0006912,1.22056,0.0005632,0.402669,0.141715
124,0.0006144,1.22647,0.0005952,0.40537,0.141709
125,0.0005952,1.18207,0.0005568,0.406509,0.141978
126,0.0005696,1.21859,0.0005504,0.403674,0.091712
127,0.000576,1.23642,0.0005888,0.405978,0.0918464
128,0.0006464,1.24456,0.0005568,0.406445,0.146163
129,0.0006272,1.37106,0.0005568,0.408282,0.0923136
130,0.0005888,1.26074,0.0005568,0.400314,0.116006
131,0.0005952,1.24308,0.0005568,0.40951,0.0919936
132,0.0005952,1.26168,0.000544,0.40592,0.091936
133,0.0005952,1.24558,0.0005376,0.408941,0.0926336
134,0.0006016,1.2797,0.0006016,0.409562,0.0920576
135,0.0005952,1.27899,0.0005632,0.409574,0.0923136
136,0.0005952,1.37859,0.000544,0.4112,0.141907
137,0.0005824,1.29869,0.0005568,0.41001,0.142163
138,0.0005888,1.27626,0.0006016,0.410995,0.0923968
139,0.0005952,1.27828,0.0005504,0.410362,0.115642
140,0.0005824,1.26762,0.0005632,0.412634,0.0922432
141,0.0005888,1.26726,0.0005568,0.409146,0.115635
142,0.0005888,1.26755,0.0005824,0.410086,0.0918848
143,0.0006016,1.28886,0.000608,0.410246,0.142707
144,0.0006144,1.31519,0.000544,0.410618,0.091936
145,0.0005952,1.22227,0.0005632,0.409606,0.141696
146,0.0005888,1.22278,0.0005824,0.410637,0.0919488
147,0.000576,1.24234,0.0005568,0.409536,0.0941824
148,0.0005952,1.23994,0.0005888,0.410509,0.141722
149,0.0005888,1.25535,0.0005568,0.410598,0.0943808
150,0.0018112,1.3062,0.0006016,0.408806,0.0916416
151,0.0005952,1.27332,0.0005568,0.413798,0.0924864
152,0.000576,1.37315,0.0005568,0.411616,0.141811
153,0.0005888,1.31348,0.0005568,0.414765,0.0917312
154,0.000576,1.3356,0.0005632,0.412768,0.141882
155,0.0006144,1.3802,0.0005504,0.412122,0.115571
156,0.0005952,1.3357,0.0005504,0.416186,0.0914944
157,0.0006016,1.38187,0.0005632,0.415616,0.142234
158,0.0005824,1.34954,0.0005504,0.409331,0.118067
159,0.0006272,1.37538,0.0005632,0.413491,0.091712
160,0.0005888,1.36204,0.0005568,0.413971,0.0922112
161,0.0005824,1.30707,0.0005696,0.415923,0.14215
162,0.0005888,1.30749,0.0005568,0.413971,0.14183
163,0.000576,1.29615,0.0005632,0.413331,0.0919808
164,0.0005824,1.29364,0.0005504,0.415142,0.141805
165,0.0005824,1.30632,0.000576,0.414522,0.092416
166,0.0005824,1.39888,0.0005952,0.413274,0.092128
167,0.0005888,1.32863,0.0005504,0.414355,0.092448
168,0.0006272,1.45082,0.0005568,0.41271,0.0925248
169,0.0005952,1.32346,0.0006144,0.412563,0.141696
170,0.00064,1.31669,0.0005632,0.415891,0.0921088
171,0.0005952,1.37068,0.0006016,0.412781,0.0918208
172,0.0005952,1.40068,0.0005568,0.412442,0.0922752
173,0.0006016,1.31639,0.0005504,0.412365,0.141491
174,0.0005888,1.33018,0.000544,0.413126,0.117485
175,0.0005888,1.28721,0.0005504,0.412378,0.0923776
176,0.0005824,1.40913,0.000576,0.410829,0.141664
177,0.000576,1.29899,0.0005504,0.410362,0.142112
178,0.0006016,1.26394,0.0005952,0.409133,0.0922944
179,0.0005952,1.31799,0.0005568,0.407315,0.142522
180,0.0006016,1.25815,0.000608,0.407923,0.0913344
181,0.000576,1.25313,0.0005568,0.409715,0.0919872
182,0.000576,1.26481,0.000576,0.408224,0.092608
183,0.0005888,1.39164,0.000576,0.40903,0.0920896
184,0.0006016,1.30202,0.0005696,0.409043,0.0924288
185,0.0006528,1.30168,0.0005632,0.40832,0.11593
186,0.0005888,1.31656,0.000544,0.409498,0.142502
187,0.0006464,1.32918,0.0005504,0.409082,0.14247
188,0.0005824,1.38211,0.0005568,0.409805,0.116365
189,0.000576,1.45258,0.0005504,0.412531,0.115411
190,0.0005888,1.3587,0.0005504,0.412928,0.0928704
191,0.0005824,1.34904,0.0005568,0.409683,0.142598
192,0.000576,1.4544,0.0005696,0.410758,0.0930048
193,0.0005824,1.40252,0.0005568,0.410163,0.197523
194,0.000608,1.40061,0.0005504,0.410374,0.0935552
195,0.000576,1.35856,0.0005504,0.41079,0.146048
196,0.0006336,1.30266,0.0005568,0.413434,0.0948032
197,0.0005952,1.31802,0.0007552,0.410387,0.143206
198,0.0005824,1.31562,0.0005504,0.411981,0.0938496
199,0.0006016,1.3283,0.000576,0.413523,0.0941504
200,0.0005888,1.33089,0.0005568,0.411258,0.0938688
201,0.0005888,1.31809,0.0005568,0.4112,0.144179
202,0.0005888,1.31898,0.0005632,0.413126,0.144314
203,0.0005888,1.32195,0.0005568,0.411578,0.143238
204,0.0005824,1.29727,0.0005504,0.410266,0.0935104
205,0.000608,1.38651,0.0005568,0.410842,0.143142
206,0.0005824,1.29295,0.0005568,0.410157,0.116416
207,0.0005824,1.33158,0.0005504,0.412685,0.11648
208,0.000576,1.41541,0.0005504,0.41191,0.116147
209,0.0006016,1.30154,0.0005952,0.408582,0.142253
210,0.0006016,1.23651,0.0005632,0.408922,0.116237
211,0.0005888,1.20284,0.0005696,0.411808,0.0920128
212,0.0005824,1.23473,0.0005568,0.407238,0.0919808
213,0.000608,1.20719,0.0005952,0.409466,0.142054
214,0.0005824,1.23199,0.0006016,0.407034,0.141338
215,0.0005824,1.24477,0.0005696,0.409798,0.0918272
216,0.0005824,1.23844,0.000544,0.407974,0.0919616
217,0.000608,1.25968,0.0005504,0.406963,0.0922112
218,0.0005824,1.32037,0.0005568,0.406035,0.0920064
219,0.0005888,1.33597,0.000608,0.408544,0.09168
220,0.0006016,1.33623,0.000544,0.408179,0.092128
221,0.0005824,1.35735,0.0005632,0.408922,0.142042
222,0.0005888,1.34057,0.0005568,0.40791,0.116307
223,0.0005824,1.30483,0.0005824,0.413082,0.115194
224,0.0005888,1.29007,0.0005632,0.409203,0.141888
225,0.000608,1.29301,0.0005504,0.409747,0.115686
226,0.0005824,1.26902,0.0005632,0.408704,0.091872
227,0.0005952,1.27405,0.0005568,0.411021,0.117274
228,0.0005952,1.28675,0.0005696,0.410707,0.141504
229,0.0005888,1.28934,0.000544,0.413792,0.091904
230,0.0005888,1.29699,0.0005632,0.40896,0.0921792
231,0.0006336,1.23009,0.0005632,0.410714,0.142208
232,0.0005824,1.29371,0.000544,0.410099,0.0919488
233,0.0006016,1.31066,0.0005568,0.409894,0.0925824
234,0.0005888,1.27663,0.000544,0.410054,0.0921152
235,0.000576,1.283,0.000576,0.41081,0.115955
236,0.000608,1.27491,0.0005568,0.409907,0.14153
237,0.0005952,1.26804,0.0005568,0.410323,0.091744
238,0.0006016,1.25391,0.0005568,0.409306,0.116019
239,0.0006016,1.25816,0.0005632,0.410022,0.0921344
240,0.0005952,1.23743,0.0005504,0.410022,0.141792
241,0.0005824,1.23046,0.0005568,0.407878,0.0918016
242,0.0005952,1.2251,0.0005568,0.409293,0.141158
243,0.0005824,1.20642,0.0005888,0.40921,0.0918272
244,0.0005824,1.21306,0.0005568,0.409805,0.0920448
245,0.00064,1.20753,0.0005504,0.414464,0.0914688
246,0.0005824,1.20893,0.0005504,0.40857,0.115718
247,0.0005824,1.20168,0.0005568,0.409536,0.14176
248,0.0006016,1.22556,0.0005504,0.408877,0.0926528
249,0.0006208,1.07445,0.0005504,0.409715,0.0916864
250,0.0006016,1.18484,0.0005504,0.409971,0.0921728
251,0.0006144,1.25209,0.0005568,0.410976,0.115782
252,0.00064,1.25177,0.0005504,0.412992,0.091744
253,0.0005888,1.24098,0.0005568,0.411034,0.0920768
254,0.0005952,1.24611,0.0005632,0.40905,0.091648
255,0.0006336,1.28153,0.0005504,0.412211,0.142246
256,0.0005888,1.27725,0.0006272,0.408051,0.14249
257,0.0005952,1.29069,0.0005632,0.41415,0.0919488
258,0.0005888,1.3049,0.0005568,0.414138,0.0916864
259,0.0006144,1.19775,0.0005696,0.416877,0.0916992
260,0.0005952,1.28231,0.0005504,0.413184,0.11575
261,0.0005824,1.18719,0.0005568,0.410906,0.0916992
262,0.0005824,1.20513,0.0005632,0.413107,0.0929024
263,0.0005888,1.24601,0.0005504,0.412256,0.0914496
264,0.0006016,1.3018,0.0006336,0.416672,0.0922176
265,0.0005952,1.20081,0.0005568,0.409818,0.092256
266,0.0005952,1.19692,0.0006336,0.412877,0.092032
267,0.0005824,1.20444,0.0005504,0.41367,0.116032
268,0.0005952,1.2235,0.0005632,0.413805,0.0918784
269,0.0005952,1.22418,0.0005504,0.417229,0.0919808
270,0.0005824,1.22652,0.0005568,0.413344,0.142733
271,0.0005888,1.22394,0.0005632,0.417658,0.0920512
272,0.0005888,1.22554,0.0005696,0.412749,0.142573
273,0.0006016,1.19967,0.0005504,0.41239,0.092608
274,0.0005888,1.22823,0.0005376,0.41289,0.141715
275,0.0005696,1.22556,0.000544,0.412922,0.115846
276,0.0005824,1.21643,0.0005504,0.412506,0.0941504
277,0.0005952,1.22515,0.0005824,0.412038,0.0917504
278,0.0005952,1.17508,0.000544,0.414432,0.141466
279,0.0005952,1.19677,0.0005696,0.413747,0.141536
280,0.0005888,1.17572,0.0005632,0.413811,0.0919936
281,0.0005824,1.1449,0.0005504,0.411654,0.0918912
282,0.0005952,1.10625,0.0005696,0.411725,0.0918656
283,0.0005952,0.996634,0.0005952,0.412064,0.0924416
284,0.0006016,0.98617,0.0005632,0.411046,0.0917312
285,0.0005824,0.975558,0.0005504,0.41081,0.0922176
286,0.0005824,1.06492,0.0005568,0.410656,0.141702
287,0.0005888,1.10006,0.0005504,0.408646,0.141658
288,0.0005888,1.02248,0.0005504,0.40992,0.11584
289,0.0006016,1.0009,0.000544,0.41072,0.0917824
290,0.0005952,1.01813,0.0005632,0.410662,0.141741
291,0.0005952,1.01224,0.0005504,0.40928,0.0919424
292,0.0006336,0.998982,0.0005504,0.40841,0.142067
293,0.0005952,1.10543,0.0005504,0.407034,0.0919168
294,0.0005952,1.24291,0.0005504,0.407021,0.09152
295,0.0005824,1.10611,0.0005632,0.407424,0.142106
296,0.000608,1.04984,0.000576,0.407674,0.141466
297,0.0005888,1.0042,0.0005504,0.408243,0.0914048
298,0.0005888,0.991482,0.0005696,0.408,0.0919104
299,0.000608,0.913101,0.000544,0.408915,0.11577
300,0.0006016,0.90112,0.0005504,0.408256,0.141786
301,0.0006208,0.980806,0.0005632,0.410394,0.092352
302,0.0005696,0.986029,0.000544,0.40807,0.142835
303,0.0005824,0.98617,0.0005568,0.405056,0.0923392
304,0.0006144,1.00864,0.0005632,0.409395,0.0910976
305,0.0006208,1.01932,0.000544,0.402803,0.0922368
306,0.0006144,1.10859,0.0005696,0.41136,0.11687
307,0.0005888,1.04399,0.0005632,0.40569,0.0922432
308,0.000608,1.04912,0.0006016,0.406253,0.141805
309,0.0005888,0.957318,0.0005632,0.405837,0.0915712
310,0.0005824,0.940237,0.0005632,0.414835,0.115898
311,0.000672,0.949088,0.000576,0.411795,0.0932288
312,0.0005952,0.942234,0.0005696,0.415046,0.092096
313,0.0005888,0.948877,0.0005632,0.410259,0.0921664
314,0.0005888,0.93959,0.0005568,0.412429,0.141837
315,0.0005824,0.942669,0.0005568,0.413683,0.0921536
316,0.000576,0.936736,0.0005568,0.413421,0.141504
317,0.0005696,0.933926,0.0005568,0.414336,0.0919936
318,0.0005824,0.929824,0.0006016,0.41591,0.0920128
319,0.0005824,0.930566,0.0005568,0.412352,0.0919616
320,0.0005824,0.932691,0.000576,0.414362,0.092288
321,0.000576,0.944058,0.000544,0.415782,0.0918272
322,0.0005824,0.933606,0.000608,0.415578,0.142195
323,0.000576,0.951123,0.0005568,0.415494,0.0922752
324,0.0005824,0.976576,0.0005952,0.415834,0.141734
325,0.0005824,0.995334,0.0005952,0.417709,0.0915776
326,0.000608,1.10134,0.0005504,0.417267,0.11577
327,0.0005824,1.03773,0.0005632,0.414874,0.0920256
328,0.0005824,1.14327,0.0005376,0.412794,0.14208
329,0.0006144,1.18362,0.0005504,0.41616,0.0926848
330,0.000576,1.21687,0.0005568,0.414029,0.0924032
331,0.000576,1.26712,0.0005568,0.41289,0.141606
332,0.0005824,1.33997,0.0015872,0.412915,0.0924992
333,0.0005824,1.31329,0.000576,0.414976,0.141728
334,0.0005888,1.34459,0.0005568,0.414982,0.142886
335,0.0005888,1.37068,0.0005824,0.415744,0.0918208
336,0.0006016,1.32659,0.0005696,0.416064,0.141638
337,0.0005888,1.27383,0.0005696,0.415258,0.1416
338,0.0005824,1.28515,0.0005632,0.415264,0.09216
339,0.000576,1.27145,0.0005568,0.41321,0.141536
340,0.000576,1.30237,0.0006144,0.411808,0.0915392
341,0.0005824,1.35027,0.000576,0.41065,0.141056
342,0.0005824,1.31176,0.0005504,0.41225,0.141658
343,0.000576,1.36666,0.0005568,0.41184,0.0918784
344,0.0005824,1.35473,0.0005568,0.412262,0.145792
345,0.0005824,1.36509,0.000544,0.412563,0.143622
346,0.0005824,1.37222,0.0005632,0.411898,0.092288
347,0.0005952,1.34859,0.000544,0.411565,0.143642
348,0.000576,1.369,0.0005504,0.410368,0.0935744
349,0.0005824,1.36597,0.0005696,0.411232,0.141997
350,0.0005888,1.31064,0.0005568,0.409773,0.117594
351,0.0005696,1.23062,0.0005632,0.409459,0.0914688
352,0.00064,1.27833,0.0005504,0.408506,0.141542
353,0.0005696,1.22029,0.0005568,0.409728,0.140998
354,0.0005632,1.06183,0.0005504,0.407533,0.091968
355,0.000576,1.15809,0.000576,0.409766,0.091488
356,0.000576,1.03385,0.000544,0.405722,0.0916352
357,0.000576,1.04486,0.0005696,0.396429,0.115315
358,0.0005952,0.94848,0.0005632,0.394739,0.0905984
359,0.000608,0.897958,0.0005952,0.391974,0.114029
360,0.0006208,0.888384,0.00064,0.388314,0.0903936
361,0.0005888,0.86777,0.0005568,0.387014,0.139891
362,0.0005888,0.861907,0.0005504,0.385811,0.0901376
363,0.0005824,0.859354,0.0005504,0.383117,0.115872
364,0.000576,0.861434,0.0005504,0.384058,0.0904576
365,0.0005952,0.862374,0.0005632,0.381408,0.139347
366,0.0005824,0.8976,0.000608,0.381088,0.0900992
367,0.000576,0.968858,0.0005568,0.381875,0.0895872
368,0.000576,0.89879,0.0005888,0.378682,0.113203
369,0.0005824,0.948051,0.0005568,0.38249,0.0904832
370,0.0005824,0.91993,0.000544,0.385421,0.113728
371,0.0005824,0.926368,0.0017344,0.39088,0.0919616
372,0.0005824,0.925946,0.0005504,0.396589,0.14089
373,0.000576,0.952346,0.0005696,0.400051,0.0920896
374,0.000576,0.871712,0.000544,0.407386,0.142125
375,0.000576,0.883597,0.0005952,0.408691,0.09216
376,0.0005888,0.867686,0.0005568,0.40937,0.115373
377,0.0005824,0.845824,0.0005888,0.412058,0.092032
378,0.0005888,0.843981,0.000576,0.410451,0.141926
379,0.0005952,0.8488,0.0006016,0.409523,0.0917376
380,0.0005888,0.854182,0.0005504,0.41033,0.142298
381,0.000576,0.864518,0.0005568,0.411277,0.091616
382,0.00064,0.855021,0.000544,0.4096,0.141472
383,0.0005824,0.849267,0.0005632,0.410925,0.09264
384,0.0005888,0.835142,0.0005632,0.409184,0.14247
385,0.0005696,0.828218,0.0005504,0.409741,0.0919936
386,0.000576,0.846451,0.0005568,0.410195,0.142336
387,0.0005824,0.841427,0.0005632,0.408544,0.0919616
388,0.0005824,0.824832,0.0005504,0.409094,0.115955
389,0.000576,0.815533,0.0005568,0.405562,0.0922816
390,0.000576,0.814061,0.0005504,0.409747,0.0917888
391,0.0006336,0.815738,0.0005952,0.406246,0.115539
392,0.000576,0.806874,0.000576,0.405114,0.0913152
393,0.0005632,0.809862,0.0005504,0.405222,0.141331
394,0.0006528,0.801907,0.0005568,0.405824,0.0925312
395,0.0005952,0.795635,0.0005632,0.400416,0.141734
396,0.000576,0.799322,0.0006144,0.405741,0.0935232
397,0.000576,0.786586,0.000576,0.404262,0.165344
398,0.0006016,0.789299,0.0014656,0.400141,0.0931712
399,0.0005824,0.789997,0.0005632,0.405171,0.141869
400,0.000608,0.738797,0.0005824,0.401722,0.0921216
401,0.0005824,0.740179,0.0005632,0.407085,0.141709
402,0.0005952,0.892179,0.0005824,0.406816,0.115667
403,0.0005696,0.770848,0.0005568,0.405613,0.0920256
404,0.0005888,0.774086,0.0005504,0.402234,0.14199
405,0.0005824,0.773126,0.0005376,0.407808,0.0918848
406,0.0005888,0.778502,0.0005504,0.406931,0.141683
407,0.000576,0.78448,0.0006016,0.408205,0.0921344
408,0.0006144,0.78761,0.000544,0.406835,0.141293
409,0.0005888,0.799347,0.0005568,0.408224,0.0918144
410,0.0005888,0.805216,0.000544,0.407155,0.142752
411,0.0005824,0.78775,0.0005568,0.408262,0.0922496
412,0.0005888,0.76368,0.000576,0.409222,0.141587
413,0.000576,0.770733,0.0005568,0.40903,0.0919296
414,0.0005888,0.77264,0.0005504,0.408973,0.0931392
415,0.000576,0.779302,0.0005568,0.412013,0.165594
416,0.0005888,0.967904,0.0005632,0.409574,0.0917056
417,0.000608,1.01999,0.0005952,0.40889,0.144326
418,0.0005824,1.00553,0.0005504,0.408909,0.0913088
419,0.0005696,0.99481,0.0005568,0.404736,0.141344
420,0.000576,1.01017,0.0005504,0.410029,0.0932544
421,0.0006016,1.00409,0.0005504,0.408019,0.142022
422,0.000576,1.0146,0.0005504,0.403162,0.141357
423,0.000576,1.00516,0.000544,0.40752,0.092224
424,0.000576,1.00129,0.0005568,0.409485,0.143622
425,0.0005888,0.973114,0.0005824,0.405357,0.0915648
426,0.000576,0.973101,0.0005504,0.409683,0.115898
427,0.0005696,0.970554,0.0005376,0.407469,0.0920064
428,0.000576,0.998163,0.0005952,0.404218,0.14183
429,0.0005888,1.01236,0.000544,0.405421,0.09216
430,0.0005952,1.02362,0.000544,0.409542,0.118125
431,0.000576,1.04424,0.0005632,0.407149,0.0928256
432,0.000576,1.05967,0.0005888,0.408109,0.141408
433,0.000576,1.05549,0.000544,0.407898,0.0917952
434,0.0005824,1.10824,0.000544,0.407354,0.14176
435,0.0005824,1.11727,0.0005504,0.406899,0.0916096
436,0.000576,1.22282,0.0005632,0.407578,0.141786
437,0.0005952,1.17537,0.0005568,0.407571,0.142202
438,0.000576,1.19832,0.0005568,0.409696,0.0920192
439,0.0006144,1.21055,0.0005568,0.408717,0.0919616
440,0.0005824,1.18729,0.0005696,0.405779,0.0917056
441,0.0005824,1.19072,0.0005824,0.405082,0.141037
442,0.0005824,1.15868,0.0005568,0.404883,0.0949184
443,0.0005824,1.19995,0.0005504,0.402394,0.115405
444,0.0005952,1.16743,0.0005632,0.40407,0.0914112
445,0.0005824,1.17679,0.0005568,0.40384,0.0919104
446,0.00064,1.17933,0.0005568,0.40336,0.141312
447,0.0005888,1.19203,0.000544,0.405344,0.0913792
448,0.0005888,1.1959,0.0005632,0.407821,0.117715
449,0.0005824,1.22928,0.0005568,0.406317,0.142682
450,0.0005952,1.25405,0.000544,0.408614,0.0921984
451,0.0005888,1.2478,0.0005568,0.410394,0.0918784
452,0.0005888,1.29181,0.0006016,0.407885,0.0913216
453,0.000576,1.32575,0.000544,0.409491,0.115315
454,0.000576,1.39189,0.000576,0.407853,0.115206
455,0.0005952,1.3038,0.000544,0.403443,0.0915328
456,0.0006208,1.42623,0.0005888,0.40528,0.0907712
457,0.0006016,1.37315,0.0005504,0.404051,0.0909632
458,0.0006016,1.22111,0.0005696,0.403213,0.091104
459,0.0006208,1.21839,0.0005568,0.402989,0.145216
460,0.000576,1.20867,0.0005568,0.403309,0.0908288
461,0.0005824,1.19313,0.0005824,0.403648,0.114317
462,0.000576,1.18436,0.000544,0.401235,0.0908992
463,0.0005696,1.17327,0.0005568,0.404666,0.143661
464,0.000576,1.26579,0.0005568,0.407738,0.0918272
465,0.0005888,1.23816,0.0005568,0.40455,0.0911424
466,0.0006272,1.25697,0.0005632,0.404224,0.140928
467,0.0005824,1.2241,0.000544,0.404512,0.0907456
468,0.000576,1.32796,0.000544,0.403398,0.0915392
469,0.0005696,1.28325,0.0005568,0.406579,0.09184
470,0.0005888,1.24486,0.0005632,0.40656,0.0911744
471,0.0005824,1.34399,0.0005504,0.407392,0.116979
472,0.000576,1.24874,0.0005376,0.40528,0.090816
473,0.0005888,1.2837,0.0005568,0.406106,0.140986
474,0.0006016,1.33779,0.0005376,0.405901,0.140717
475,0.000576,1.23969,0.0006144,0.404678,0.0913152
476,0.0006656,1.29627,0.0005504,0.401901,0.140774
477,0.00064,1.22529,0.0005568,0.408218,0.091872
478,0.0005824,1.19647,0.0005568,0.403648,0.115091
479,0.000576,1.19832,0.0005632,0.403136,0.141101
480,0.0005696,1.21841,0.0005312,0.404979,0.0912064
481,0.0005952,1.25886,0.0005504,0.408563,0.115309
482,0.0005632,1.2629,0.000544,0.40313,0.0915456
483,0.0007232,1.305,0.0005696,0.40368,0.141786
484,0.0005824,1.27304,0.0005504,0.405197,0.141485
485,0.0005824,1.16807,0.0005504,0.403904,0.0926912
486,0.0005888,0.914931,0.0005696,0.402054,0.141722
487,0.0005888,0.843149,0.000576,0.403802,0.0916288
488,0.000576,0.793971,0.0005888,0.409402,0.115539
489,0.0005824,0.77641,0.0005696,0.406886,0.0918208
490,0.000576,0.771667,0.000576,0.406086,0.141472
491,0.0005696,0.78217,0.0005568,0.406131,0.0920576
492,0.000576,0.793894,0.0005568,0.402374,0.0913216
493,0.0005824,0.816166,0.0005504,0.405754,0.141658
494,0.000576,0.976269,0.0005952,0.399955,0.0924736
495,0.0005824,1.057,0.0005952,0.40105,0.14167
496,0.000576,1.12378,0.000544,0.401408,0.141434
497,0.0005888,1.12616,0.0005376,0.401498,0.0916864
498,0.000576,1.09546,0.000576,0.403008,0.141408
499,0.000576,1.15071,0.000608,0.405869,0.091904
500,0.0005696,1.13856,0.0005568,0.403846,0.141363
501,0.000576,1.10595,0.0005696,0.398547,0.0921472
502,0.0005888,1.1303,0.000544,0.403917,0.141485
503,0.0005824,1.12842,0.000544,0.404442,0.0917888
504,0.0005952,1.164,0.0005376,0.405888,0.141382
505,0.000576,1.13223,0.0005568,0.404608,0.118675
506,0.0005824,1.19266,0.0005504,0.40583,0.0920448
507,0.0006208,1.17198,0.0005504,0.40553,0.0912704
508,0.0006208,1.22691,0.0005504,0.40583,0.0917952
509,0.0005888,1.26096,0.000544,0.405363,0.141786
510,0.000576,1.1977,0.000544,0.406208,0.09136
511,0.0005824,1.2045,0.0005504,0.401786,0.09184
512,0.000576,1.22732,0.000544,0.406784,0.141472
513,0.0005824,1.23837,0.000544,0.404435,0.0919936
514,0.0005824,1.21796,0.0005504,0.408416,0.0918144
515,0.000576,1.22143,0.0005504,0.409286,0.0913024
516,0.0005952,1.20273,0.0005504,0.407232,0.141472
517,0.0005824,1.18639,0.0005504,0.411834,0.0913984
518,0.0006016,1.19003,0.0005632,0.408237,0.092032
519,0.000576,1.22877,0.0005632,0.408013,0.141178
520,0.0006336,1.24312,0.0005504,0.408083,0.0923712
521,0.000576,1.2049,0.0005504,0.411034,0.0919872
522,0.0005824,1.19837,0.0005568,0.407085,0.141606
523,0.0005888,1.27652,0.0005824,0.408013,0.0920768
524,0.000576,1.22813,0.0005504,0.40775,0.092
525,0.000576,1.23105,0.0005504,0.402438,0.0921664
526,0.0005952,1.24062,0.000544,0.402458,0.141894
527,0.000576,1.28443,0.0005504,0.403443,0.142694
528,0.0005824,1.20061,0.0005504,0.402272,0.0916992
529,0.0005696,1.1975,0.0005568,0.406342,0.116467
530,0.0005824,1.26744,0.000544,0.40345,0.0915968
531,0.0005632,1.19579,0.000544,0.405414,0.1416
532,0.0005888,1.19628,0.0005696,0.407731,0.0925376
533,0.0005696,1.16576,0.0005504,0.407104,0.115206
534,0.0005824,1.16803,0.000544,0.407142,0.0911552
535,0.000608,1.27151,0.0005568,0.406746,0.0915776
536,0.0005824,1.18803,0.0006336,0.406394,0.115507
537,0.0005696,1.18321,0.0005504,0.408461,0.0914688
538,0.0005824,1.19188,0.000544,0.405229,0.0918592
539,0.0005888,1.23371,0.0005696,0.403469,0.14071
540,0.0005568,1.21123,0.0005376,0.408019,0.0915328
541,0.0005888,1.21828,0.0005632,0.410195,0.0918976
542,0.000576,1.2946,0.0005504,0.406995,0.0918144
543,0.0005696,1.23748,0.0005568,0.409056,0.117165
544,0.000576,1.25221,0.0005504,0.407808,0.141338
545,0.000576,1.21743,0.0005632,0.405318,0.09232
546,0.0005824,1.19246,0.0005504,0.409376,0.116646
547,0.0006208,1.18198,0.0005632,0.407955,0.0914048
548,0.0005696,1.18412,0.0005504,0.407738,0.141466
549,0.0005824,1.19748,0.000576,0.403334,0.0919744
550,0.0005952,1.17786,0.000544,0.407226,0.143104
551,0.000576,1.19732,0.0005504,0.407514,0.091744
552,0.0005824,1.21759,0.0005568,0.407014,0.0918848
553,0.0005824,1.19812,0.0005376,0.406106,0.141779
554,0.0005696,1.2249,0.0005568,0.40889,0.0916928
555,0.0006144,1.20698,0.0005504,0.406451,0.0919232
556,0.0005952,1.23485,0.0005568,0.405632,0.141299
557,0.0005888,1.24381,0.0005568,0.405664,0.0918912
558,0.0005824,1.27217,0.0005632,0.405926,0.142829
559,0.0005824,1.19756,0.0005504,0.40263,0.093056
560,0.0005952,1.21203,0.0005568,0.406886,0.116467
561,0.0005824,1.21483,0.0005504,0.405568,0.142138
562,0.0005824,1.19091,0.000544,0.40496,0.0918464
563,0.0005824,1.18743,0.0005504,0.40697,0.14608
564,0.0005696,1.2134,0.0005632,0.408781,0.0918464
565,0.0006272,1.19606,0.0005504,0.405018,0.0919744
566,0.000576,1.20689,0.0005568,0.405613,0.091776
567,0.0006272,1.19395,0.0005952,0.406438,0.144499
568,0.0005824,1.23677,0.0006016,0.409363,0.092224
569,0.0005824,1.22022,0.0006208,0.406387,0.092064
570,0.0005824,1.24209,0.0005568,0.407379,0.142413
571,0.0005824,1.22841,0.0005568,0.407296,0.0912128
572,0.000576,1.23317,0.0005568,0.40841,0.141645
573,0.000576,1.23872,0.0005568,0.40816,0.11591
574,0.000576,1.24999,0.000608,0.406413,0.0921536
575,0.0005696,1.25779,0.0005696,0.404742,0.141632
576,0.000608,1.22481,0.000544,0.409446,0.0922496
577,0.0006208,1.2592,0.0005568,0.408352,0.0916992
578,0.0005952,1.2334,0.0005376,0.407814,0.141626
579,0.0005824,1.2165,0.0005568,0.404134,0.0921728
580,0.0005824,1.23275,0.000576,0.408672,0.141011
581,0.0005824,1.2174,0.0005568,0.408461,0.0943104
582,0.000576,1.22945,0.0005696,0.410694,0.11584
583,0.0006272,1.21819,0.0005504,0.407411,0.141581
584,0.0006144,1.25057,0.0005504,0.408058,0.0921728
585,0.000576,1.22696,0.0005504,0.410131,0.091456
586,0.0005952,1.23628,0.0005504,0.407098,0.0916224
587,0.0005888,1.25448,0.0005632,0.406323,0.14185
588,0.000576,1.30625,0.0006656,0.404883,0.142694
589,0.0006272,1.2803,0.0005888,0.406669,0.092128
590,0.0005888,1.24792,0.0006016,0.406125,0.141709
591,0.0005952,1.23473,0.0005568,0.405517,0.0918016
592,0.000608,1.23807,0.000544,0.406976,0.115757
593,0.000576,1.25492,0.0005568,0.403194,0.141395
594,0.0005824,1.24419,0.0005568,0.405062,0.0920192
595,0.0005888,1.24712,0.0005504,0.40505,0.0924736
596,0.0005824,1.22451,0.0005632,0.404493,0.0918208
597,0.0005888,1.22547,0.0005568,0.405453,0.14215
598,0.0005824,1.23882,0.000576,0.405517,0.141549
599,0.000576,1.23532,0.0005696,0.406515,0.0919808
600,0.0005952,1.22864,0.0005568,0.407597,0.116723
601,0.000576,1.23528,0.0005376,0.407827,0.0916672
602,0.0006144,1.21478,0.0005568,0.409338,0.141344
603,0.0005824,1.20716,0.0005632,0.412512,0.0927168
604,0.0005824,1.22339,0.0005632,0.40905,0.116
605,0.0005632,1.20405,0.0005568,0.408538,0.141472
606,0.0005696,1.20587,0.0005696,0.410003,0.09312
607,0.0005824,1.18557,0.0005504,0.411251,0.115578
608,0.000576,1.20625,0.0005568,0.408403,0.0916224
609,0.0005824,1.2112,0.0005568,0.409088,0.141632
610,0.0005888,1.19064,0.0005696,0.408454,0.118387
611,0.0005952,1.19053,0.000544,0.408173,0.0917888
612,0.0005888,1.19862,0.0005504,0.405082,0.142189
613,0.0005696,1.18778,0.0005568,0.40759,0.092384
614,0.0006336,1.16573,0.0005568,0.40585,0.141606
615,0.0006272,1.16227,0.0005504,0.409837,0.0923712
616,0.000576,1.15287,0.0005632,0.405555,0.115968
617,0.0005824,1.16817,0.0005952,0.404666,0.141702
618,0.000576,1.15362,0.0005504,0.404864,0.092512
619,0.000608,1.16243,0.000544,0.405363,0.141472
620,0.0006272,1.17254,0.0005504,0.406112,0.0919232
621,0.000608,1.14847,0.0005632,0.40471,0.141152
622,0.0005696,1.14741,0.0005568,0.40807,0.0922752
623,0.000576,1.16026,0.000544,0.404256,0.115757
624,0.0005888,1.17101,0.000544,0.404614,0.0916608
625,0.0006016,1.1654,0.0005632,0.404678,0.091904
626,0.0005824,1.16751,0.0005568,0.403981,0.14119
627,0.0005888,1.15005,0.0005568,0.40487,0.092288
628,0.0006784,1.14086,0.000544,0.402765,0.141805
629,0.000576,1.15504,0.0005504,0.406445,0.0925632
630,0.0005888,1.14426,0.0005568,0.405498,0.115763
631,0.0005888,1.136,0.000576,0.406637,0.0913792
632,0.0005888,1.15793,0.000576,0.405581,0.0921536
633,0.0006016,1.21617,0.0005632,0.403328,0.14153
634,0.0005696,1.1323,0.0005504,0.402502,0.091872
635,0.0005696,1.20982,0.0005568,0.398944,0.141843
636,0.0005824,1.19302,0.000544,0.402528,0.0917376
637,0.0005824,1.11862,0.0006208,0.405446,0.115738
638,0.0006016,1.12183,0.0005504,0.406886,0.114906
639,0.0005824,1.20737,0.0005376,0.400832,0.091424
640,0.000576,1.1745,0.0005568,0.397722,0.140691
641,0.0005888,1.19597,0.000576,0.401274,0.0920896
642,0.0005888,1.18099,0.0005824,0.401741,0.141555
643,0.000576,1.28456,0.0005504,0.402266,0.141907
644,0.0006144,1.21457,0.000544,0.404262,0.0923008
645,0.000576,1.21135,0.0005504,0.403878,0.118573
646,0.0005824,1.27128,0.0005952,0.401952,0.0908672
647,0.0005888,1.23253,0.0005568,0.397702,0.140518
648,0.0005888,1.26188,0.0005696,0.400538,0.0904576
649,0.0005952,1.26176,0.0005504,0.394438,0.114918
650,0.0006016,1.29293,0.0005888,0.393453,0.140934
651,0.0005888,1.30842,0.000544,0.394822,0.0907264
652,0.000608,1.26138,0.0005504,0.395578,0.139904
653,0.0005824,1.2521,0.0005696,0.39671,0.0902144
654,0.0006336,1.223,0.0005696,0.396531,0.090656
655,0.0005824,1.20852,0.0005696,0.395782,0.140851
656,0.000576,1.20513,0.0005568,0.399622,0.0905088
657,0.0006016,1.19677,0.0005568,0.400557,0.0904832
658,0.000576,1.21499,0.0005568,0.396832,0.0916864
659,0.0005696,1.2263,0.0005568,0.396531,0.140525
660,0.0005952,1.29077,0.0005504,0.399878,0.0904448
661,0.0005696,1.3041,0.0005568,0.398944,0.09088
662,0.000576,1.26374,0.0005568,0.39991,0.116883
663,0.000576,1.26243,0.0005696,0.40121,0.09088
664,0.000576,1.30975,0.0005952,0.406067,0.141734
665,0.0005568,1.23103,0.0005696,0.409594,0.0912512
666,0.0005696,1.29345,0.0005568,0.408582,0.092768
667,0.0005888,1.22607,0.0005568,0.405715,0.116211
668,0.0005952,1.22511,0.0005568,0.40096,0.0913024
669,0.0005696,1.24053,0.0005568,0.399258,0.14327
670,0.0005952,1.21433,0.000544,0.400736,0.091392
671,0.000576,1.1981,0.000544,0.396595,0.0912768
672,0.0006336,1.19393,0.0005568,0.396365,0.140589
673,0.000576,1.17846,0.0005504,0.396845,0.0907072
674,0.000576,1.15032,0.0005504,0.395347,0.140627
675,0.0005952,1.15113,0.0005696,0.395443,0.0924608
676,0.0005824,1.19087,0.0005568,0.394208,0.140672
677,0.0005888,1.14729,0.000544,0.398669,0.0904128
678,0.000608,1.17464,0.0005504,0.394918,0.0921664
679,0.0005824,1.1922,0.0005696,0.394208,0.14073
680,0.0005952,1.18778,0.0005696,0.392941,0.0905728
681,0.0005632,1.24403,0.000576,0.386342,0.140096
682,0.0005952,1.175,0.0005504,0.398739,0.0906432
683,0.0006016,1.22049,0.0005568,0.38944,0.114624
684,0.0005696,1.19468,0.0005568,0.391686,0.140589
685,0.0005824,1.19295,0.0005568,0.400576,0.0919232
686,0.0005824,1.17599,0.000544,0.400186,0.141664
687,0.0006272,1.18332,0.0005504,0.40009,0.0914816
688,0.000576,1.25306,0.0005568,0.398938,0.0922112
689,0.0005696,1.15567,0.0005824,0.399027,0.141434
690,0.000576,1.21544,0.0005632,0.401242,0.0917952
691,0.0005824,1.15953,0.0005568,0.405741,0.115686
692,0.000608,1.15475,0.0005632,0.402202,0.0920768
693,0.0006272,1.17875,0.0005632,0.398189,0.0915904
694,0.0005632,1.11925,0.0005568,0.403802,0.0915584
695,0.0005888,1.08872,0.0005504,0.400294,0.141901
696,0.0005696,1.08511,0.0005504,0.40855,0.0917248
697,0.0005568,1.06595,0.0005952,0.403597,0.0918464
698,0.000576,1.06305,0.0005504,0.404115,0.117062
699,0.0005888,1.10118,0.0005504,0.404653,0.0916608
700,0.0005696,1.08968,0.0005568,0.404186,0.14105
701,0.0005952,1.06006,0.0005696,0.403405,0.091968
702,0.0005888,1.16441,0.0015872,0.403245,0.14208
703,0.0005824,1.10801,0.0005632,0.40393,0.091808
704,0.0005952,1.07859,0.0005504,0.400704,0.142029
705,0.000576,1.13651,0.0005504,0.405459,0.09168
706,0.000576,1.10685,0.000544,0.404365,0.142093
707,0.000576,1.13167,0.0005376,0.404403,0.141478
708,0.0006144,1.14703,0.0005504,0.402317,0.092192
709,0.000576,1.1922,0.000544,0.407309,0.141158
710,0.0005888,1.20864,0.0006016,0.408646,0.0923392
711,0.0005888,1.32774,0.000544,0.406464,0.14144
712,0.0005824,1.27582,0.0005632,0.409069,0.0922688
713,0.0005824,1.30694,0.000576,0.408634,0.0935232
714,0.0005696,1.2744,0.0005632,0.408397,0.116768
715,0.0005824,1.30986,0.0005568,0.407347,0.0916736
716,0.0006208,1.4454,0.0005632,0.41049,0.115616
717,0.0005824,1.48093,0.0005632,0.408602,0.141882
718,0.0005696,1.36806,0.000544,0.409088,0.0920256
719,0.0005952,1.44307,0.0005632,0.408531,0.14217
720,0.0006016,1.40731,0.0005696,0.408358,0.09136
721,0.0005824,1.48722,0.0005504,0.408205,0.092032
722,0.000576,1.46202,0.0005568,0.407974,0.142202
723,0.0005952,1.41749,0.0005568,0.413971,0.0916544
724,0.0005952,1.36708,0.0005504,0.412429,0.0926272
725,0.0005824,1.31612,0.0005952,0.410637,0.0916096
726,0.0006272,1.28882,0.0005632,0.412678,0.0930368
727,0.0005888,1.20616,0.0005696,0.408755,0.115501
728,0.0005888,1.15941,0.0005568,0.408058,0.141888
729,0.0006464,1.17541,0.0005376,0.406816,0.091744
730,0.0005888,1.1502,0.0005504,0.401581,0.140902
731,0.0005824,0.977024,0.0005568,0.394131,0.0906816
732,0.000576,0.953555,0.0005568,0.386746,0.0901952
733,0.0005824,0.935091,0.0005632,0.371475,0.0894784
734,0.0005824,0.883021,0.0005632,0.363763,0.139494
735,0.00064,0.85785,0.0005568,0.362342,0.0886848
736,0.0005952,0.837594,0.0005632,0.362842,0.138509
737,0.0005824,0.81463,0.0005888,0.355194,0.088576
738,0.000576,0.752896,0.0005568,0.353216,0.137632
739,0.0005824,0.77031,0.000544,0.352467,0.0881344
740,0.0005696,0.71943,0.0005632,0.348538,0.0879552
741,0.0005824,0.698842,0.0006016,0.347168,0.112026
742,0.0005952,0.673632,0.0005504,0.343622,0.0879232
743,0.0006336,0.66768,0.0005568,0.339962,0.135763
744,0.0005632,0.662944,0.0005504,0.337504,0.0892224
745,0.0006016,0.597197,0.0005696,0.335213,0.0876608
746,0.0005952,0.582163,0.0006144,0.33399,0.0881152
747,0.000576,0.605619,0.0005568,0.331853,0.08784
748,0.0005696,0.59591,0.0005568,0.332166,0.0872704
749,0.0006336,0.589888,0.0005696,0.330688,0.0872896
750,0.0006016,0.581338,0.000576,0.328621,0.0873088
751,0.000608,0.551738,0.0005504,0.322822,0.0873216
752,0.0006464,0.547981,0.0005568,0.320717,0.0870208
753,0.000576,0.541114,0.0005632,0.319469,0.0866496
754,0.0006272,0.537613,0.000544,0.31527,0.08688
755,0.0005952,0.528358,0.0005632,0.31193,0.0865856
756,0.0005824,0.52455,0.0005952,0.308813,0.0868032
757,0.0005888,0.517619,0.0005504,0.305587,0.0863424
758,0.0016128,0.511168,0.0005504,0.302419,0.0858112
759,0.0005824,0.502438,0.0006016,0.29936,0.0862656
760,0.0006144,0.49799,0.0005632,0.295494,0.0855936
761,0.000576,0.494342,0.000544,0.292525,0.0856832
762,0.0005888,0.479942,0.000544,0.288064,0.0858368
763,0.0005888,0.468128,0.0005504,0.283098,0.0848512
764,0.0005888,0.460832,0.0005568,0.279584,0.085184
765,0.0005696,0.444934,0.0005568,0.275354,0.0847232
766,0.000576,0.437856,0.0005504,0.272115,0.084608
767,0.0005824,0.42752,0.0005504,0.265619,0.0844864
768,0.000608,0.417363,0.0005824,0.260672,0.085664
769,0.0005952,0.402419,0.0005568,0.255744,0.0840384
770,0.0005824,0.391488,0.000544,0.250867,0.0833152
771,0.0006208,0.383482,0.0005824,0.246278,0.08352
772,0.0006016,0.369536,0.0005568,0.239475,0.0831552
773,0.0005888,0.355494,0.0005888,0.234886,0.082144
774,0.0005952,0.346445,0.0005568,0.229363,0.0825792
775,0.000608,0.336659,0.0005568,0.224666,0.0818816
776,0.0005952,0.329485,0.000576,0.219507,0.0834624
777,0.0005824,0.322016,0.0005696,0.215104,0.081888
778,0.0005888,0.311757,0.0005824,0.210573,0.081216
779,0.0006016,0.302477,0.000544,0.204998,0.0812608
780,0.0006272,0.289523,0.0005504,0.19959,0.0814528
781,0.0005952,0.280922,0.0005696,0.193011,0.0794176
782,0.0005824,0.270592,0.0005504,0.18343,0.0783424
783,0.000608,0.269869,0.0005504,0.176883,0.0782656
784,0.0006016,0.277562,0.000608,0.172877,0.0776704
785,0.0006144,0.283654,0.000544,0.172198,0.079328
786,0.0005952,0.307526,0.0005696,0.172243,0.0772288
787,0.0005888,0.325504,0.0005568,0.17321,0.0775936
788,0.000576,0.349248,0.0005568,0.175667,0.0774656
789,0.0005824,0.385357,0.0005504,0.181146,0.0779776
790,0.0005824,0.407392,0.0005568,0.188422,0.0776512
791,0.0005952,0.423494,0.000544,0.191885,0.0780544
792,0.0005952,0.411091,0.0005376,0.195693,0.0777472
793,0.0005696,0.43072,0.000544,0.201306,0.0793536
794,0.0005824,0.459302,0.000544,0.206362,0.079072
795,0.0006016,0.473658,0.0005632,0.208678,0.078496
796,0.000576,0.527072,0.0005504,0.214317,0.0787136
797,0.0006656,0.53433,0.0005568,0.216256,0.0785856
798,0.0005888,0.551469,0.0005696,0.219219,0.0793024
799,0.0006016,0.556326,0.0005504,0.216966,0.0784896
800,0.0005888,0.559162,0.0005632,0.215763,0.0793792
801,0.0005888,0.551853,0.0005504,0.213875,0.0786816
802,0.0005888,0.571686,0.0016384,0.211584,0.078368
803,0.0005888,0.568122,0.0005568,0.210707,0.0785216
804,0.0005696,0.55904,0.000544,0.210259,0.0783488
805,0.0005952,0.531674,0.0005568,0.207194,0.077632
806,0.0005952,0.513715,0.0005696,0.207296,0.0781888
807,0.000576,0.513338,0.0005696,0.203546,0.0784576
808,0.000576,0.504378,0.0005568,0.203571,0.0786368
809,0.0006144,0.50649,0.0005568,0.200262,0.0782336
810,0.0005952,0.50297,0.0005504,0.199469,0.0777088
811,0.0005952,0.493741,0.0005504,0.196678,0.0793984
812,0.000608,0.497261,0.0005568,0.194451,0.0783936
813,0.0005888,0.47639,0.000576,0.193101,0.0783872
814,0.0005888,0.466886,0.0005824,0.192173,0.077856
815,0.0005824,0.451347,0.0005504,0.190528,0.0780672
816,0.0016256,0.445978,0.0005568,0.188864,0.0781504
817,0.0005824,0.439744,0.000544,0.187859,0.0776768
818,0.0006016,0.452653,0.0005568,0.185747,0.0778368
819,0.0005824,0.429146,0.000544,0.184422,0.077504
820,0.00064,0.426554,0.000576,0.182554,0.078144
821,0.0026432,0.405702,0.0005504,0.18272,0.0777216
822,0.0006016,0.404083,0.000544,0.180621,0.0782976
823,0.0005888,0.397818,0.000544,0.179309,0.0778944
824,0.0005888,0.387597,0.0005504,0.178074,0.0773376
825,0.0005888,0.37664,0.0005568,0.176928,0.0771968
826,0.0005888,0.372474,0.0005504,0.175968,0.0775232
827,0.0005952,0.369568,0.000544,0.174528,0.07824
828,0.0006016,0.362093,0.0005824,0.173658,0.0779264
829,0.0005824,0.352102,0.0005504,0.172787,0.0773824
830,0.0005888,0.357875,0.0005504,0.174214,0.0774848
831,0.0005952,0.372742,0.0005504,0.177549,0.077248
832,0.0006144,0.386432,0.0005568,0.180915,0.0787264
833,0.0006016,0.405824,0.0005696,0.185882,0.07792
834,0.000608,0.421434,0.0005632,0.189178,0.077568
835,0.0005888,0.435827,0.0005504,0.191597,0.0780864
836,0.0005824,0.46905,0.0006016,0.195949,0.0778688
837,0.000608,0.485766,0.0005504,0.200787,0.0782208
838,0.0005824,0.475533,0.000544,0.205818,0.0781824
839,0.00064,0.492506,0.000608,0.208288,0.0784832
840,0.0005888,0.518406,0.0005696,0.213197,0.0785024
841,0.0006144,0.516282,0.0005568,0.216499,0.0784256
842,0.0005696,0.544358,0.000576,0.221056,0.0789312
843,0.0005824,0.556576,0.0005504,0.225216,0.079232
844,0.0005888,0.572307,0.0005504,0.228288,0.0797504
845,0.0005696,0.590106,0.0005632,0.232083,0.0794112
846,0.0005952,0.582189,0.0005504,0.235405,0.07984
847,0.000576,0.588851,0.0005696,0.240563,0.0799808
848,0.0006144,0.611482,0.0005568,0.243302,0.079936
849,0.0005952,0.658886,0.0005568,0.247475,0.0804032
850,0.0005952,0.667667,0.0005696,0.250502,0.0809536
851,0.0005888,0.66169,0.0005888,0.253741,0.0812864
852,0.0005888,0.655578,0.0005696,0.257421,0.0805312
853,0.0005888,0.66343,0.0005568,0.260326,0.0809024
854,0.0005824,0.663328,0.0005632,0.26535,0.0812416
855,0.000576,0.680154,0.0005568,0.265843,0.130739
856,0.000576,0.66704,0.0005504,0.268614,0.0817984
857,0.000576,0.680294,0.0005504,0.269434,0.081504
858,0.0006336,0.684723,0.0005568,0.27111,0.082304
859,0.000576,0.684813,0.0005568,0.271507,0.0819904
860,0.0005824,0.697875,0.0005504,0.275469,0.152224
861,0.0005696,0.698874,0.0005504,0.273798,0.082048
862,0.0005696,0.728698,0.0005568,0.280384,0.130573
863,0.0005824,0.726099,0.0005504,0.27721,0.103782
864,0.000576,0.731219,0.0005632,0.280659,0.0817792
865,0.0005696,0.744224,0.0005632,0.279898,0.132627
866,0.000576,0.739296,0.0005376,0.280864,0.0824576
867,0.000576,0.753754,0.000544,0.282867,0.130618
868,0.000576,0.761594,0.0005568,0.283827,0.082336
869,0.000576,0.776346,0.0005568,0.286752,0.0826944
870,0.0005696,0.78681,0.0005504,0.28743,0.132909
871,0.000608,0.791994,0.000608,0.288774,0.0824512
872,0.0005632,0.805651,0.000544,0.289139,0.157293
873,0.000576,0.815494,0.000544,0.290419,0.0835264
874,0.0005696,0.832768,0.0005824,0.29367,0.0828352
875,0.0005632,0.850374,0.000544,0.293709,0.133165
876,0.0005824,0.881011,0.0005632,0.295917,0.0832576
877,0.0005888,0.8872,0.0005568,0.299392,0.106483
878,0.000576,0.888288,0.0005568,0.298598,0.0840192
879,0.0005696,0.865709,0.000608,0.297715,0.133619
880,0.0006784,0.865882,0.0005504,0.299219,0.0838592
881,0.0005824,0.811597,0.0005504,0.296179,0.133715
882,0.0006144,0.759475,0.0005632,0.295341,0.0841536
883,0.0005824,0.798086,0.0005568,0.311386,0.0839552
884,0.0005952,0.821619,0.000544,0.325632,0.135699
885,0.0006208,0.743085,0.0005632,0.338976,0.0885056
886,0.0005824,0.956563,0.0005504,0.409299,0.114918
887,0.0005888,1.00977,0.0005888,0.409984,0.0922944
888,0.000576,0.997638,0.0005568,0.413107,0.141824
889,0.000576,0.946189,0.0005632,0.405677,0.0924224
890,0.0005824,0.905997,0.000544,0.393504,0.140838
891,0.0005888,0.847181,0.000544,0.379699,0.0892736
892,0.0005824,0.810598,0.0005696,0.368634,0.13769
893,0.0005696,0.803795,0.0005696,0.355866,0.0875776
894,0.000576,0.762509,0.0005632,0.350611,0.112339
895,0.0005632,0.757222,0.000576,0.347776,0.0884672
896,0.0006016,0.771942,0.0005824,0.349229,0.160896
897,0.000576,0.732518,0.0005568,0.345734,0.0891584
898,0.0005888,0.720454,0.0005504,0.346003,0.0885888
899,0.0005696,0.71689,0.000544,0.348333,0.110554
900,0.0005632,0.723942,0.000544,0.3456,0.0870272
901,0.0005824,0.73225,0.0005568,0.347501,0.111322
902,0.0006208,0.748275,0.0005632,0.352205,0.0868608
903,0.0005888,0.769568,0.0005568,0.35897,0.137997
904,0.0005696,0.765158,0.000576,0.36137,0.111174
905,0.0005696,0.759949,0.000544,0.36592,0.0886976
906,0.000576,0.769165,0.0005632,0.36791,0.13927
907,0.0005824,0.770995,0.0005568,0.373242,0.0898112
908,0.0005952,0.800205,0.000576,0.380902,0.112813
909,0.0005952,0.88016,0.000576,0.382522,0.0899712
910,0.0005888,0.874048,0.0005568,0.386144,0.140749
911,0.0005824,0.879667,0.0005632,0.38944,0.0909632
912,0.0005952,0.892922,0.0005568,0.389728,0.115654
913,0.0005824,0.84336,0.0005504,0.39424,0.090496
914,0.0005696,0.847917,0.0005568,0.396634,0.141197
915,0.000576,0.891245,0.0005632,0.396179,0.11424
916,0.0005696,0.9056,0.0005504,0.397158,0.0934016
917,0.0005952,0.922394,0.0005696,0.395219,0.114778
918,0.000576,0.861459,0.000544,0.39744,0.0909504
919,0.000576,0.899955,0.0005632,0.408,0.14119
920,0.0006016,0.941523,0.0005568,0.409939,0.0908672
921,0.0005824,0.960352,0.0005696,0.408512,0.140947
922,0.0005568,0.919066,0.0005504,0.409549,0.0911872
923,0.0006208,0.931174,0.0005952,0.40969,0.14087
924,0.0005888,0.92144,0.0005568,0.410714,0.0916416
925,0.0005824,0.923059,0.0005504,0.409536,0.141517
926,0.0005696,0.925747,0.0005568,0.409472,0.0919424
927,0.0005824,0.946854,0.000544,0.408704,0.145427
928,0.000576,0.954528,0.0005632,0.41079,0.0910464
929,0.0005824,0.958842,0.0005632,0.409139,0.143162
930,0.0005824,0.950541,0.0005696,0.410714,0.0907072
931,0.000576,0.957542,0.000544,0.40928,0.143149
932,0.0005888,0.954906,0.0006016,0.408307,0.091584
933,0.000608,0.995392,0.000576,0.40903,0.114624
934,0.000608,0.981107,0.0005568,0.409696,0.09088
935,0.0005952,0.988538,0.0005824,0.41001,0.0911488
936,0.0005824,0.939002,0.0005952,0.40873,0.140429
937,0.0005888,0.92009,0.000576,0.410733,0.0913088
938,0.0005888,0.931418,0.0005568,0.409581,0.140384
939,0.000576,0.966707,0.0005504,0.411834,0.0912384
940,0.000576,0.963347,0.0005568,0.40999,0.142189
941,0.000576,0.967814,0.0005568,0.411744,0.0909568
942,0.0005696,0.949222,0.000544,0.412966,0.140269
943,0.0005824,0.949018,0.0005504,0.411859,0.091264
944,0.0006464,0.960774,0.0005568,0.411603,0.140614
945,0.000576,0.976621,0.0005504,0.411552,0.0908544
946,0.0005824,0.963853,0.0005504,0.414125,0.0905152
947,0.000576,0.982733,0.0005568,0.411654,0.0907584
948,0.0005888,1.00716,0.000544,0.410778,0.140429
949,0.0005696,1.01756,0.0005568,0.412371,0.0906944
950,0.0006336,0.987469,0.0005568,0.411328,0.116358
951,0.0005824,1.05263,0.00064,0.411872,0.0909248
952,0.000576,1.04472,0.0005568,0.410861,0.14041
953,0.000608,1.06322,0.0005952,0.411066,0.0909312
954,0.0005952,1.03091,0.000576,0.414611,0.0905984
955,0.0006016,1.03049,0.0005504,0.412448,0.0916608
956,0.0005824,1.03835,0.0005504,0.411296,0.140698
957,0.000576,1.04405,0.000544,0.410982,0.0908608
958,0.0005696,1.04602,0.0005568,0.41177,0.140723
959,0.0005824,1.04502,0.0005504,0.41369,0.090368
960,0.0005696,1.0426,0.0005568,0.412294,0.114157
961,0.000576,1.05234,0.000544,0.411046,0.141075
962,0.0005824,1.01998,0.0005504,0.41104,0.0905088
963,0.0005824,1.01679,0.0006208,0.413082,0.0898816
964,0.0005696,1.05356,0.0005504,0.4112,0.0904896
965,0.0005888,1.04201,0.0006144,0.411462,0.139674
966,0.0005696,1.03094,0.000544,0.410675,0.0897792
967,0.0005696,1.02036,0.0005504,0.410336,0.139277
968,0.0005824,1.02793,0.0005824,0.411994,0.0896384
969,0.0005952,1.01959,0.000544,0.40905,0.13929
970,0.0005696,1.02979,0.000544,0.409741,0.0892544
971,0.0005888,1.01994,0.0005632,0.408397,0.112397
972,0.000576,1.06374,0.0005504,0.408461,0.08848
973,0.0005824,1.14588,0.0005632,0.411654,0.139917
974,0.0005824,1.27297,0.0005568,0.414272,0.139853
975,0.0005952,1.33233,0.0005632,0.416634,0.0915904
976,0.0005632,1.31567,0.0005504,0.417146,0.140813
977,0.000576,1.2969,0.0005888,0.415245,0.090368
978,0.0005632,1.25665,0.0006016,0.41497,0.0897216
979,0.0005824,1.23654,0.0005696,0.417786,0.114464
980,0.000576,1.33346,0.0005696,0.417248,0.0904832
981,0.0005824,1.26534,0.0005504,0.414746,0.141824
982,0.0005696,1.21505,0.0005504,0.409722,0.0899968
983,0.0005824,1.20143,0.0005632,0.410605,0.139629
984,0.0005696,1.20787,0.0005504,0.407181,0.117491
985,0.000576,1.23245,0.0005504,0.409523,0.0905216
986,0.000576,1.27697,0.0005504,0.415955,0.140557
987,0.000576,1.29256,0.0005568,0.416006,0.0905152
988,0.000576,1.29882,0.0006144,0.41273,0.140781
989,0.0005824,1.32384,0.0005568,0.413446,0.141261
990,0.0005696,1.16944,0.0005504,0.41792,0.092416
991,0.0005824,1.16995,0.000544,0.417184,0.141165
992,0.0005696,1.20394,0.0005568,0.419232,0.0913472
993,0.0005952,1.19558,0.0005504,0.420787,0.0920832
994,0.0006272,1.1886,0.0005504,0.417965,0.141658
995,0.000576,1.19403,0.0005568,0.419322,0.0922432
996,0.0005696,1.16554,0.0005568,0.422259,0.115456
997,0.0005824,1.15482,0.000544,0.418067,0.09296
998,0.0006016,1.11902,0.0005888,0.406195,0.143181
999,0.0006336,1.10523,0.0006208,0.412806,0.0928256
