frameID,BVH,gBuffer,shadowMask,lighting,copy
0,0.001344,0.181165,0.281562,0.050208,0.0179968
1,0.001312,0.198246,0.285632,0.0500608,0.0177216
2,0.0013184,0.207827,0.287635,0.049984,0.0176768
3,0.0013376,0.211962,0.289632,0.0496896,0.01808
4,0.0013312,0.212506,0.294035,0.050496,0.0176896
5,0.0013376,0.214784,0.297491,0.0508352,0.0176704
6,0.0013248,0.21712,0.296589,0.0507072,0.0180224
7,0.0013312,0.217472,0.297408,0.0505344,0.0182272
8,0.0013248,0.215021,0.300013,0.0506752,0.0178944
9,0.0013376,0.21447,0.302138,0.0509184,0.0175104
10,0.0013312,0.21264,0.300262,0.0507136,0.017952
11,0.0013312,0.210061,0.300653,0.050816,0.0175552
12,0.0013312,0.212224,0.301222,0.0509248,0.018336
13,0.0013312,0.212768,0.303482,0.0508544,0.0181632
14,0.0013312,0.217152,0.30537,0.051424,0.0176384
15,0.0013248,0.218829,0.305792,0.0511552,0.0180416
16,0.0013312,0.220627,0.300166,0.051392,0.017504
17,0.001344,0.219827,0.289478,0.0514112,0.0176896
18,0.0013248,0.221203,0.289824,0.0513984,0.0181312
19,0.0013248,0.220589,0.29312,0.050848,0.0178816
20,0.0013184,0.223693,0.29513,0.0510336,0.0180288
21,0.0013312,0.219411,0.297299,0.050848,0.0182656
22,0.0013184,0.217389,0.299046,0.0502144,0.0178816
23,0.0013312,0.213024,0.300915,0.0502528,0.0179328
24,0.0013312,0.210362,0.303181,0.0499968,0.0176576
25,0.0013184,0.205133,0.299782,0.050368,0.0175296
26,0.0013248,0.206061,0.303994,0.0499776,0.0179392
27,0.0013184,0.208339,0.29479,0.0499968,0.018016
28,0.0013312,0.209152,0.281498,0.0507328,0.0177728
29,0.0013376,0.212755,0.281184,0.0511168,0.0178624
30,0.0013376,0.220416,0.292986,0.05136,0.0180544
31,0.0013248,0.219885,0.291846,0.0511744,0.0180544
32,0.0013184,0.219949,0.284429,0.0511872,0.0174272
33,0.0013184,0.219514,0.281523,0.0511744,0.0177408
34,0.0013184,0.220173,0.276992,0.0513216,0.01808
35,0.0013952,0.219283,0.278323,0.0513152,0.0177664
36,0.001312,0.220122,0.276672,0.0509632,0.0179392
37,0.0013248,0.217997,0.28009,0.0507776,0.0178752
38,0.0013376,0.220621,0.279571,0.050912,0.0176192
39,0.001344,0.222829,0.28368,0.05056,0.0179328
40,0.001344,0.222118,0.281779,0.050848,0.0177216
41,0.001312,0.222118,0.286906,0.0507392,0.0181248
42,0.001344,0.235546,0.306381,0.0513024,0.018848
43,0.001408,0.244691,0.322662,0.0513856,0.0201024
44,0.0013504,0.245242,0.328557,0.0519808,0.019904
45,0.0013696,0.245786,0.321702,0.051584,0.0196288
46,0.0013696,0.246637,0.325638,0.051552,0.0199744
47,0.0013632,0.250029,0.329754,0.0520768,0.020064
48,0.0013696,0.248346,0.332461,0.0520576,0.02
49,0.0013632,0.245869,0.33943,0.0515328,0.0203584
50,0.0013888,0.247027,0.342835,0.0516352,0.020064
51,0.001376,0.242643,0.345683,0.0508416,0.02016
52,0.0013632,0.245069,0.35488,0.0510848,0.019648
53,0.0013568,0.240627,0.345357,0.0505344,0.0203776
54,0.0013632,0.244077,0.336243,0.050624,0.0201472
55,0.0013568,0.242579,0.324371,0.0510272,0.0199488
56,0.0013568,0.233229,0.321107,0.05136,0.0203904
57,0.0013568,0.236128,0.322253,0.0519424,0.0199488
58,0.0013632,0.241933,0.333715,0.0518848,0.0203136
59,0.0013696,0.241894,0.327302,0.0518016,0.0202304
60,0.0013568,0.235014,0.318797,0.0519744,0.0203904
61,0.0013568,0.232083,0.319968,0.0515072,0.0204544
62,0.001376,0.232128,0.316851,0.0516416,0.0204224
63,0.001376,0.230931,0.317882,0.0520896,0.0204352
64,0.0013632,0.229715,0.320474,0.0518912,0.0204416
65,0.0013632,0.229568,0.315686,0.0519616,0.0202048
66,0.001376,0.226579,0.310662,0.0516672,0.0201984
67,0.001376,0.228269,0.310355,0.0518912,0.020384
68,0.0013632,0.228326,0.302547,0.0516352,0.0200512
69,0.0013568,0.225747,0.301798,0.0515968,0.0202112
70,0.0013568,0.223738,0.299354,0.0511616,0.0202304
71,0.001344,0.221798,0.296474,0.0512896,0.0204032
72,0.0013952,0.218515,0.291738,0.0505856,0.020448
73,0.0013824,0.217344,0.289888,0.0508544,0.02048
74,0.0013696,0.215558,0.287699,0.0508352,0.0204032
75,0.0013568,0.213235,0.28601,0.050304,0.0204736
76,0.0013632,0.210253,0.283795,0.0511424,0.020416
77,0.0014272,0.203398,0.280416,0.0509376,0.0204288
78,0.0013632,0.203712,0.281299,0.051104,0.0203968
79,0.001376,0.204102,0.281638,0.05088,0.0201792
80,0.0013888,0.202323,0.281734,0.0510656,0.0204416
81,0.0013696,0.202163,0.28311,0.0509824,0.0202752
82,0.0013824,0.204877,0.290042,0.0518016,0.020864
83,0.0013952,0.205869,0.292186,0.0517504,0.0206144
84,0.001376,0.206778,0.292877,0.052256,0.0209088
85,0.0013568,0.207469,0.293267,0.0523072,0.020928
86,0.0013952,0.208416,0.293939,0.0521472,0.0209472
87,0.001376,0.210112,0.293299,0.0525632,0.0208192
88,0.0013824,0.210266,0.292685,0.0522752,0.0206336
89,0.0013824,0.20983,0.293082,0.0519168,0.0208384
90,0.0014336,0.210003,0.287539,0.05168,0.0208896
91,0.001376,0.206899,0.28599,0.0516928,0.0205376
92,0.0013824,0.206886,0.282803,0.0517056,0.02096
93,0.001376,0.20279,0.279904,0.0513344,0.020768
94,0.0013824,0.205459,0.282995,0.0517248,0.0212416
95,0.00144,0.205453,0.282086,0.0518528,0.021024
96,0.0014272,0.206342,0.282682,0.0518784,0.021376
97,0.0013824,0.208262,0.283654,0.0517184,0.021152
98,0.0013824,0.209702,0.284256,0.0517376,0.0211264
99,0.0013824,0.208762,0.286381,0.0516672,0.0212928
100,0.0013888,0.209114,0.287091,0.0518848,0.0211968
101,0.0013888,0.20839,0.287994,0.0517248,0.0205824
102,0.0014336,0.20857,0.289626,0.0518784,0.021536
103,0.0013824,0.206726,0.289664,0.0514432,0.021152
104,0.0014016,0.209062,0.289434,0.051424,0.0210112
105,0.0013824,0.209882,0.293382,0.0513088,0.0212864
106,0.0013824,0.210803,0.295373,0.0514816,0.0214144
107,0.0014016,0.212358,0.293702,0.0513024,0.0207616
108,0.0013824,0.211603,0.293894,0.0508672,0.021312
109,0.0013824,0.208806,0.292998,0.0507776,0.0210816
110,0.0014976,0.208902,0.288973,0.0504576,0.0212928
111,0.0013824,0.20391,0.281158,0.0499776,0.0214912
112,0.0014016,0.201722,0.2712,0.0500416,0.0209856
113,0.0013952,0.201805,0.266746,0.0499392,0.0213248
114,0.0013888,0.202989,0.267309,0.0497088,0.0213504
115,0.0013824,0.204,0.271187,0.04976,0.0211456
116,0.0013952,0.202106,0.274547,0.0501376,0.0213312
117,0.0014464,0.206682,0.284058,0.0507392,0.0218752
118,0.0013888,0.199642,0.284986,0.0502464,0.0218624
119,0.0014144,0.195584,0.28752,0.0502912,0.0216
120,0.001408,0.196813,0.28871,0.050624,0.0217792
121,0.0013888,0.199181,0.285421,0.0499968,0.0219392
122,0.0014016,0.206707,0.284006,0.0500416,0.0219008
123,0.0014016,0.211597,0.284294,0.0505792,0.0217728
124,0.0013952,0.22521,0.29104,0.0511616,0.0216192
125,0.0013888,0.220032,0.29383,0.051712,0.0215168
126,0.0013952,0.221478,0.291757,0.0512896,0.0222592
127,0.0013888,0.220698,0.290291,0.052096,0.0217472
128,0.0014016,0.227827,0.294592,0.0525184,0.022144
129,0.0014016,0.23671,0.298957,0.0527744,0.0223296
130,0.0014016,0.238675,0.29936,0.0533248,0.0223104
131,0.001408,0.240115,0.29847,0.0529408,0.0222592
132,0.0013888,0.24103,0.298138,0.0530432,0.0224896
133,0.0014272,0.240333,0.298445,0.053152,0.0223808
134,0.0013952,0.241011,0.29296,0.0530176,0.0223744
135,0.0013952,0.240909,0.290771,0.052928,0.0222016
136,0.001408,0.245216,0.289459,0.052992,0.0224896
137,0.0013952,0.248051,0.288845,0.0531136,0.022464
138,0.0014016,0.248966,0.289318,0.0535616,0.0224064
139,0.0013952,0.248038,0.28928,0.0531456,0.0225472
140,0.0014336,0.247002,0.2912,0.0534016,0.0221824
141,0.0014144,0.246394,0.294144,0.0532864,0.0223936
142,0.001408,0.244858,0.293485,0.0530752,0.022496
143,0.0014016,0.244672,0.29367,0.0532544,0.0224384
144,0.0014016,0.243059,0.293472,0.0531904,0.0223808
145,0.0014208,0.242438,0.29335,0.0530688,0.0224704
146,0.0014208,0.243328,0.294067,0.052864,0.0222656
147,0.001408,0.244653,0.29575,0.0528768,0.0222464
148,0.001408,0.246093,0.297926,0.0535232,0.0221504
149,0.0014208,0.247149,0.299878,0.0531264,0.0224064
150,0.0013888,0.250509,0.300934,0.053184,0.0224576
151,0.001408,0.255904,0.30297,0.0531648,0.0224448
152,0.0014144,0.263936,0.308352,0.0533888,0.0227264
153,0.001408,0.269043,0.311731,0.0537728,0.023104
154,0.0013952,0.270637,0.311795,0.054208,0.0231296
155,0.0013952,0.272262,0.311526,0.0546112,0.0227712
156,0.0014144,0.274285,0.312282,0.0541952,0.02272
157,0.0014656,0.275776,0.312038,0.0545216,0.0227264
158,0.001408,0.278694,0.312378,0.0544384,0.0227264
159,0.001408,0.279078,0.314918,0.054592,0.0227904
160,0.0014208,0.27929,0.313395,0.0543936,0.0225984
161,0.0014016,0.275514,0.310707,0.0540672,0.022784
162,0.0014208,0.275482,0.307322,0.053728,0.0234112
163,0.0014016,0.274445,0.304096,0.053824,0.0231872
164,0.0014208,0.272262,0.302362,0.0538496,0.0228736
165,0.001408,0.275571,0.300397,0.053984,0.02288
166,0.0014144,0.274003,0.296301,0.0538368,0.0231744
167,0.0014208,0.276531,0.29481,0.0543488,0.0227968
168,0.0014272,0.278483,0.293459,0.0537792,0.0230912
169,0.0014016,0.27895,0.293344,0.054304,0.0227776
170,0.0014144,0.280986,0.293562,0.0536384,0.022848
171,0.001408,0.277344,0.293798,0.0537664,0.0226048
172,0.0014016,0.276269,0.294208,0.0537408,0.0228096
173,0.001408,0.27609,0.294368,0.0537536,0.02288
174,0.0014208,0.275437,0.295027,0.0538176,0.0230464
175,0.001408,0.271181,0.297453,0.0536768,0.0230912
176,0.0014528,0.269664,0.301216,0.053792,0.023232
177,0.0014016,0.266355,0.301562,0.0538048,0.0232
178,0.0014016,0.264486,0.30304,0.053792,0.0228928
179,0.0014848,0.261683,0.303341,0.0539264,0.0232576
180,0.0014272,0.257952,0.30297,0.0535296,0.0234112
181,0.0014336,0.256326,0.30409,0.0540992,0.0227968
182,0.0014144,0.256224,0.306733,0.0539072,0.0225984
183,0.0013824,0.26025,0.310003,0.0538368,0.0234112
184,0.0014208,0.261434,0.312634,0.0542592,0.0232192
185,0.0014144,0.261664,0.31559,0.0546816,0.0229184
186,0.0014208,0.264531,0.316346,0.0537728,0.0231488
187,0.0014144,0.274131,0.32167,0.0655552,0.0233984
188,0.0014528,0.281178,0.324614,0.0684672,0.0235712
189,0.001408,0.280723,0.32167,0.0678784,0.024064
190,0.0014144,0.276602,0.322483,0.0681728,0.0236288
191,0.0014592,0.27616,0.323962,0.0680192,0.0239488
192,0.001408,0.27408,0.325082,0.0677376,0.0240512
193,0.0014144,0.272678,0.324397,0.0678336,0.0237248
194,0.0014272,0.270938,0.323981,0.0678528,0.0235392
195,0.0013952,0.271898,0.325037,0.0675584,0.0237952
196,0.0014528,0.271059,0.326003,0.067712,0.0236352
197,0.0014208,0.27257,0.325446,0.0674112,0.0240832
198,0.0014272,0.27792,0.322125,0.0678976,0.023744
199,0.0014144,0.276141,0.320896,0.0678848,0.0238528
200,0.0014784,0.27696,0.321958,0.0677632,0.0236352
201,0.0014336,0.277786,0.322784,0.0681152,0.023328
202,0.0014208,0.276877,0.32359,0.067744,0.0234368
203,0.001408,0.277914,0.323014,0.068256,0.0233408
204,0.0014272,0.276378,0.323264,0.0675136,0.0235712
205,0.0014272,0.277683,0.32201,0.067584,0.024096
206,0.0014272,0.274854,0.319885,0.0676736,0.0237504
207,0.0013952,0.27287,0.318765,0.0676224,0.0237696
208,0.0014272,0.27175,0.318547,0.0673216,0.0237184
209,0.001472,0.268941,0.318176,0.0675648,0.023328
210,0.0014016,0.266214,0.320371,0.0670656,0.0234624
211,0.0013952,0.264045,0.32416,0.0675648,0.0237312
212,0.0014208,0.262138,0.32535,0.0673728,0.023872
213,0.001408,0.261555,0.32505,0.067328,0.0238272
214,0.001408,0.261786,0.324832,0.067584,0.024032
215,0.001472,0.263731,0.323046,0.0680448,0.023456
216,0.0014528,0.264877,0.323834,0.0676224,0.0238144
217,0.001408,0.268198,0.325613,0.0678016,0.0233728
218,0.0014656,0.268262,0.326483,0.06768,0.0235584
219,0.001408,0.268806,0.320058,0.0675584,0.0243008
220,0.0014464,0.271245,0.314835,0.0680512,0.023744
221,0.0014336,0.269523,0.314067,0.068096,0.0236288
222,0.0014208,0.267885,0.314413,0.068352,0.0238656
223,0.001408,0.263693,0.316371,0.068192,0.0236544
224,0.00144,0.262458,0.316685,0.0679616,0.0237376
225,0.0014592,0.261178,0.317306,0.0676736,0.0236864
226,0.0014144,0.25993,0.317248,0.067136,0.0239552
227,0.0014208,0.261946,0.318483,0.0671488,0.0241664
228,0.0014016,0.261946,0.320915,0.0672512,0.0240192
229,0.0014016,0.262714,0.319994,0.067968,0.0235456
230,0.0014208,0.264179,0.319584,0.0675072,0.0235072
231,0.001472,0.264992,0.318029,0.0677312,0.0238208
232,0.001568,0.263456,0.316672,0.0681344,0.0233664
233,0.0014336,0.263411,0.317594,0.0677312,0.023712
234,0.0014464,0.270829,0.323347,0.0673856,0.0245184
235,0.0014144,0.267942,0.324314,0.0678016,0.0243904
236,0.00144,0.26608,0.323866,0.0676096,0.0244288
237,0.0014272,0.266035,0.325504,0.067584,0.0243136
238,0.0014272,0.265197,0.328173,0.0680192,0.024512
239,0.001408,0.261933,0.330272,0.0676352,0.0241856
240,0.0014592,0.259968,0.332192,0.0680192,0.0242496
241,0.0014272,0.254662,0.33623,0.0680896,0.0240256
242,0.0014336,0.252966,0.343546,0.0678912,0.0243392
243,0.0014208,0.253549,0.348768,0.06752,0.0244608
244,0.0014272,0.256819,0.350739,0.0681472,0.024384
245,0.0014528,0.257165,0.352928,0.067904,0.0243264
246,0.0014528,0.2592,0.354394,0.0676288,0.0237632
247,0.0014272,0.2576,0.352998,0.0673152,0.024256
248,0.0014144,0.26121,0.348787,0.0678016,0.0242688
249,0.0014272,0.260512,0.343968,0.0676736,0.0242752
250,0.0014464,0.258854,0.341952,0.0673664,0.0245312
251,0.00144,0.25385,0.338669,0.0686016,0.0241664
252,0.0014144,0.2512,0.334675,0.0680896,0.0242304
253,0.0014208,0.250598,0.334893,0.0676352,0.024384
254,0.00144,0.25145,0.334918,0.0673536,0.0244992
255,0.0014784,0.251814,0.333658,0.0681472,0.0243904
256,0.0014528,0.25623,0.331206,0.0675008,0.0244352
257,0.00144,0.256877,0.330029,0.067712,0.0241856
258,0.0014208,0.256474,0.329626,0.0679104,0.0242816
259,0.0014336,0.257709,0.330854,0.0673728,0.0245184
260,0.0014208,0.258189,0.330515,0.0677696,0.0242944
261,0.0014528,0.255578,0.330182,0.0676672,0.0247872
262,0.0014336,0.256678,0.330125,0.0683392,0.0241984
263,0.0014208,0.25751,0.329363,0.0682688,0.0242816
264,0.0014464,0.258138,0.328883,0.0679616,0.0244544
265,0.0014464,0.258701,0.327987,0.0679488,0.0242816
266,0.0014464,0.259565,0.328864,0.067968,0.0245184
267,0.0014144,0.258931,0.330893,0.0680448,0.0242752
268,0.0014272,0.261408,0.332691,0.0680512,0.0242176
269,0.0014656,0.265856,0.336518,0.0683264,0.0244544
270,0.0014336,0.26249,0.339411,0.0687488,0.0240448
271,0.0014464,0.264557,0.341792,0.0679936,0.02432
272,0.0014208,0.265971,0.34313,0.0683008,0.0244672
273,0.00144,0.264858,0.344646,0.06848,0.0244736
274,0.0014272,0.265178,0.345901,0.0680128,0.0238912
275,0.0014272,0.264634,0.346061,0.0682176,0.0244096
276,0.0014272,0.261306,0.34544,0.0681088,0.0244736
277,0.0014208,0.260442,0.34624,0.067744,0.0242432
278,0.00144,0.260467,0.345498,0.0677632,0.0244992
279,0.0014336,0.258362,0.346253,0.0679424,0.024032
280,0.0014272,0.257626,0.345242,0.0676032,0.0242816
281,0.0014336,0.252934,0.344211,0.0674176,0.02448
282,0.0014336,0.251782,0.344787,0.0678912,0.0241216
283,0.0014272,0.248403,0.344506,0.0673408,0.0244864
284,0.0014272,0.246822,0.344883,0.0673216,0.0243648
285,0.0014336,0.249446,0.345888,0.0672,0.0242368
286,0.0014208,0.251808,0.346502,0.0670592,0.0244352
287,0.0014336,0.253568,0.347494,0.0673088,0.0244864
288,0.0014336,0.255232,0.347853,0.0677568,0.0244224
289,0.0014272,0.254874,0.348563,0.0674368,0.0244672
290,0.0014208,0.255597,0.346944,0.0671808,0.0244992
291,0.0014464,0.257875,0.34457,0.0672256,0.0245248
292,0.0014272,0.258784,0.339584,0.067008,0.0243712
293,0.0014272,0.255834,0.336627,0.0668032,0.0245632
294,0.0014336,0.252602,0.336416,0.0668672,0.0242368
295,0.0014272,0.251469,0.339648,0.0662016,0.0246656
296,0.0014272,0.2496,0.342771,0.0665472,0.0243328
297,0.0014272,0.248128,0.343891,0.066112,0.0245376
298,0.0014464,0.245114,0.345069,0.0665984,0.0242112
299,0.00144,0.24423,0.346125,0.0664704,0.0241088
300,0.0014272,0.241491,0.345491,0.0665536,0.02448
301,0.0014336,0.240294,0.338342,0.0669888,0.024256
302,0.0014336,0.24016,0.337728,0.0661248,0.0243264
303,0.00144,0.241101,0.339949,0.0665472,0.0244416
304,0.0014464,0.242214,0.342016,0.0672576,0.0242624
305,0.0014336,0.243482,0.34672,0.0666752,0.0244032
306,0.00144,0.244403,0.349984,0.067872,0.0244224
307,0.0014272,0.246925,0.35728,0.0668736,0.0242944
308,0.0014208,0.244256,0.360102,0.0670016,0.02448
309,0.0014144,0.243027,0.362605,0.0672448,0.0245504
310,0.0013504,0.191232,0.284826,0.0499264,0.0195584
311,0.0013568,0.190778,0.283226,0.0500288,0.0194432
312,0.0013632,0.18887,0.283565,0.0501952,0.019488
313,0.0013568,0.188326,0.284358,0.0497856,0.019968
314,0.0013696,0.187872,0.285472,0.0499392,0.0197696
315,0.0013696,0.18752,0.286214,0.05008,0.0197312
316,0.0013632,0.187859,0.286618,0.0499072,0.0202368
317,0.0013696,0.186874,0.28729,0.049888,0.019936
318,0.0013568,0.188365,0.287366,0.0505408,0.0190784
319,0.001376,0.188307,0.287046,0.0502464,0.0198464
320,0.0013504,0.188186,0.286861,0.0505088,0.0192192
321,0.0013568,0.189766,0.287091,0.0504896,0.0196672
322,0.0013632,0.190976,0.287437,0.0506624,0.0193856
323,0.0014016,0.193267,0.28825,0.0502016,0.019776
324,0.0013696,0.197318,0.288211,0.0506432,0.0194688
325,0.0013568,0.198138,0.287693,0.0504,0.0194304
326,0.0013568,0.200781,0.285082,0.0504512,0.0191808
327,0.0013696,0.200282,0.282982,0.0502272,0.0194752
328,0.0013568,0.199066,0.281344,0.0503552,0.019584
329,0.0013568,0.204256,0.277811,0.0503424,0.0193664
330,0.0013568,0.209958,0.274099,0.05008,0.019456
331,0.0013696,0.220576,0.274707,0.0498048,0.0201664
332,0.0014016,0.227462,0.277741,0.0500288,0.0197504
333,0.0013504,0.230624,0.27961,0.0504512,0.0198784
334,0.0013632,0.237965,0.279782,0.0505216,0.0194752
335,0.0013632,0.238874,0.280806,0.0508736,0.0191872
336,0.0013632,0.228896,0.262752,0.0499712,0.0179648
337,0.00128,0.180045,0.189286,0.048928,0.0135104
338,0.0012608,0.177875,0.188147,0.0484032,0.0138368
339,0.0012672,0.176365,0.18745,0.04816,0.0139776
340,0.0012672,0.185293,0.186963,0.0484992,0.0138368
341,0.00128,0.188979,0.188806,0.0483904,0.0138816
342,0.0012672,0.191162,0.191968,0.0483968,0.0138176
343,0.0012736,0.193702,0.194982,0.0486016,0.0136896
344,0.0012544,0.201062,0.198208,0.0485952,0.0136896
345,0.0012992,0.201293,0.199891,0.0486144,0.0132928
346,0.0012928,0.197062,0.201632,0.0482112,0.0136512
347,0.0012736,0.19952,0.202285,0.0479936,0.0136
348,0.00128,0.194682,0.197427,0.0480192,0.0134656
349,0.0012992,0.192525,0.194131,0.0475776,0.013632
350,0.0012608,0.191654,0.190906,0.0476736,0.0136768
351,0.0012672,0.193382,0.190259,0.0476608,0.0131648
352,0.0012672,0.186714,0.190029,0.0468288,0.0137152
353,0.0012608,0.183552,0.18848,0.0469952,0.0134592
354,0.0012864,0.178426,0.18736,0.0463936,0.0136384
355,0.0012864,0.170234,0.186061,0.046016,0.0134912
356,0.00128,0.175238,0.185421,0.0459584,0.01376
357,0.001248,0.172941,0.175558,0.0454592,0.0135552
358,0.001312,0.154029,0.181056,0.045664,0.0138176
359,0.0012736,0.144634,0.186688,0.0450048,0.0134656
360,0.0012672,0.14096,0.187514,0.044416,0.0137856
361,0.0012608,0.13527,0.19801,0.0440448,0.0137472
362,0.0012736,0.135392,0.193894,0.0437056,0.0138688
363,0.0012672,0.133702,0.189261,0.0436864,0.0136384
364,0.0012544,0.133414,0.186317,0.0436416,0.0137216
365,0.0012864,0.133741,0.183475,0.043488,0.0134592
366,0.0012608,0.132083,0.182669,0.0432512,0.013312
367,0.0019136,0.13792,0.18208,0.0429312,0.0139392
368,0.0013184,0.132717,0.182214,0.0433472,0.0132928
369,0.00128,0.134259,0.18345,0.0434752,0.013728
370,0.0012736,0.133338,0.185331,0.0440128,0.0136
371,0.00128,0.134323,0.189267,0.0451264,0.0131712
372,0.0012544,0.133587,0.192051,0.0454144,0.0134656
373,0.00128,0.136704,0.195923,0.0461952,0.013408
374,0.0012864,0.14279,0.196698,0.0467008,0.013664
375,0.0012608,0.144582,0.195789,0.0468992,0.0134464
376,0.0012736,0.146886,0.195987,0.0470784,0.0135808
377,0.0012608,0.146771,0.200218,0.0470144,0.0132864
378,0.001824,0.147552,0.204115,0.0473408,0.0132096
379,0.0012672,0.142899,0.204774,0.0469952,0.0133504
380,0.001248,0.144998,0.203085,0.0470656,0.013792
381,0.0013056,0.144954,0.20231,0.0471488,0.013728
382,0.0012864,0.147002,0.202099,0.0472576,0.0131456
383,0.0012736,0.146003,0.20281,0.0471488,0.013504
384,0.0013568,0.14521,0.205235,0.0473024,0.0134656
385,0.0013056,0.149037,0.205824,0.046944,0.0135872
386,0.0012608,0.144966,0.200794,0.0468288,0.0131264
387,0.0012672,0.138464,0.198438,0.0468288,0.0134848
388,0.00128,0.136538,0.198925,0.0466624,0.0132928
389,0.0012736,0.136672,0.200102,0.0467776,0.012896
390,0.0012672,0.134643,0.200416,0.0465216,0.0132224
391,0.00128,0.135226,0.200224,0.0461184,0.0137984
392,0.0012544,0.137651,0.200781,0.04624,0.0134336
393,0.0012864,0.134195,0.20096,0.045824,0.0136192
394,0.0012992,0.133088,0.200262,0.0455936,0.0138496
395,0.0012608,0.133478,0.201696,0.0459328,0.013376
396,0.0013184,0.136442,0.204691,0.045824,0.0135552
397,0.0012864,0.13216,0.204397,0.046144,0.0132608
398,0.0012928,0.129875,0.199693,0.0455808,0.0134208
399,0.0013248,0.131955,0.191674,0.0457728,0.0137792
400,0.00128,0.128237,0.180019,0.0458176,0.0137216
401,0.0012672,0.12665,0.175251,0.0461696,0.0137728
402,0.0012608,0.123635,0.176518,0.0462464,0.0136896
403,0.0012672,0.120934,0.178336,0.0462464,0.0133312
404,0.0012608,0.121331,0.177574,0.0464768,0.0133248
405,0.0012672,0.125626,0.176384,0.0462976,0.0132352
406,0.0012736,0.125011,0.176224,0.0459712,0.0134912
407,0.0012672,0.126963,0.176038,0.045792,0.0137024
408,0.0012672,0.126035,0.178106,0.0460352,0.0136
409,0.0012672,0.127251,0.181549,0.0460672,0.0137984
410,0.0012736,0.12713,0.182714,0.0462144,0.013472
411,0.0013056,0.123507,0.182803,0.046528,0.0131328
412,0.0012672,0.114714,0.17856,0.0468608,0.0136768
413,0.0013248,0.113894,0.175744,0.0466816,0.0136832
414,0.0019136,0.121267,0.175578,0.0470208,0.013568
415,0.00128,0.124019,0.178234,0.047072,0.0134976
416,0.0018624,0.135923,0.182189,0.0473792,0.0134528
417,0.0012736,0.134566,0.187187,0.0470592,0.0138112
418,0.0013184,0.133709,0.18823,0.0472064,0.01344
419,0.0012864,0.132717,0.18745,0.047104,0.0137088
420,0.0012736,0.131866,0.186822,0.047232,0.0137664
421,0.0012544,0.133446,0.187046,0.0474944,0.0133824
422,0.0012736,0.131008,0.18592,0.0475264,0.0133824
423,0.001248,0.132128,0.186112,0.047616,0.013088
424,0.001248,0.132448,0.185562,0.0477504,0.013536
425,0.0012672,0.131226,0.185299,0.0472064,0.0138368
426,0.0012672,0.131917,0.182938,0.0474688,0.0135488
427,0.00128,0.130848,0.18112,0.047584,0.0133056
428,0.0012672,0.133581,0.180256,0.047648,0.0129408
429,0.00128,0.132915,0.181005,0.0474624,0.0136192
430,0.0012672,0.137894,0.181837,0.0474624,0.01312
431,0.0012672,0.13945,0.181958,0.0476608,0.0132544
432,0.0012544,0.141498,0.181773,0.0473216,0.0135552
433,0.0012736,0.145818,0.180755,0.0473344,0.0136896
434,0.0012736,0.14896,0.180102,0.0472896,0.0134976
435,0.00128,0.150829,0.180736,0.0473792,0.013472
436,0.00128,0.157338,0.179962,0.0473856,0.0135488
437,0.0012672,0.156845,0.178234,0.0472064,0.0139968
438,0.0012672,0.159821,0.178195,0.047744,0.0134144
439,0.0012864,0.162106,0.178266,0.0475264,0.0134272
440,0.0012672,0.160915,0.177069,0.0471744,0.01328
441,0.0012736,0.166387,0.175782,0.0472064,0.0131264
442,0.0012736,0.163802,0.17527,0.0468864,0.0134784
443,0.0012544,0.16208,0.175405,0.0462656,0.013696
444,0.0012672,0.16192,0.176166,0.0470656,0.0133184
445,0.0012736,0.162547,0.177542,0.0470528,0.0134528
446,0.0012608,0.163942,0.178912,0.047104,0.0133248
447,0.0012672,0.168429,0.179469,0.0471168,0.0135552
448,0.0012672,0.171898,0.18039,0.0470912,0.013856
449,0.0012736,0.173056,0.181472,0.0472896,0.0134976
450,0.0019264,0.181069,0.183226,0.0476096,0.0135616
451,0.0013248,0.184346,0.184435,0.0477568,0.0137472
452,0.0012672,0.182861,0.18471,0.047808,0.0134528
453,0.0012544,0.186784,0.183418,0.047648,0.013376
454,0.0012736,0.183667,0.182893,0.0472448,0.0135104
455,0.0012544,0.184704,0.184557,0.0471232,0.0136576
456,0.0012736,0.187053,0.187264,0.0470912,0.0132992
457,0.00128,0.181824,0.18969,0.0466048,0.0136512
458,0.0012544,0.178758,0.197133,0.0465536,0.0131712
459,0.0012672,0.177651,0.199341,0.0467008,0.0138432
460,0.0012672,0.173792,0.199834,0.0466688,0.013952
461,0.0012736,0.175213,0.19993,0.0466048,0.0134656
462,0.0012928,0.172326,0.195814,0.0466688,0.0138752
463,0.0012672,0.166042,0.19079,0.0469504,0.0134848
464,0.0012672,0.169818,0.189997,0.0469376,0.013568
465,0.0012544,0.167558,0.190234,0.0469504,0.0130496
466,0.0012736,0.170163,0.19127,0.0470592,0.013536
467,0.0012736,0.173613,0.192269,0.0468928,0.013312
468,0.0012608,0.171782,0.192205,0.047008,0.0132672
469,0.0012672,0.175424,0.192794,0.0470976,0.0135424
470,0.0012672,0.178797,0.190861,0.0470016,0.0137472
471,0.0013056,0.177798,0.190093,0.0473792,0.0132288
472,0.00128,0.176275,0.186874,0.0470848,0.0135936
473,0.0012672,0.177862,0.185267,0.047264,0.0133632
474,0.0012544,0.175635,0.184691,0.0470592,0.0134336
475,0.0012416,0.174752,0.183981,0.0469632,0.013792
476,0.001312,0.178413,0.181485,0.0469888,0.0137408
477,0.0012672,0.174797,0.179136,0.0467264,0.0138368
478,0.0012736,0.178822,0.178746,0.0468992,0.0136384
479,0.0012736,0.174259,0.177005,0.0469312,0.0137216
480,0.00128,0.174989,0.178125,0.04704,0.013408
481,0.001312,0.179686,0.182227,0.0473536,0.0132608
482,0.0012736,0.178714,0.188896,0.046976,0.013728
483,0.0012736,0.176877,0.192954,0.0469568,0.0130752
484,0.0012736,0.179667,0.187482,0.0465728,0.0138944
485,0.0012544,0.165024,0.17952,0.0470912,0.0128896
486,0.0012736,0.146778,0.172045,0.0466688,0.0131584
487,0.0012736,0.137958,0.167891,0.0463552,0.013504
488,0.0012672,0.131456,0.168013,0.0463488,0.0136256
489,0.0012864,0.128346,0.168614,0.0462528,0.01344
490,0.0011968,0.131661,0.166502,0.0461312,0.0134336
491,0.0013184,0.133696,0.164672,0.045824,0.013568
492,0.00128,0.136621,0.163782,0.0458368,0.013568
493,0.0012864,0.13984,0.164422,0.046048,0.013408
494,0.0012992,0.141587,0.164493,0.0458496,0.0134848
495,0.001312,0.151123,0.167072,0.045824,0.0136832
496,0.0012608,0.145997,0.174726,0.0468864,0.01376
497,0.0012608,0.149664,0.175955,0.0472576,0.0135808
498,0.0012736,0.146995,0.174496,0.0470848,0.0132864
499,0.0012736,0.149997,0.177606,0.0473216,0.0131904
500,0.0013376,0.150899,0.178816,0.0469696,0.0137728
501,0.0012672,0.152058,0.175706,0.0469824,0.0136512
502,0.0012736,0.156698,0.17431,0.0469888,0.0138816
503,0.0013376,0.157299,0.17479,0.0475328,0.0132544
504,0.0012608,0.162003,0.1752,0.0472448,0.0135936
505,0.0012928,0.161933,0.17632,0.0474176,0.0135808
506,0.0012608,0.163213,0.176339,0.0477312,0.0131392
507,0.0012608,0.165805,0.175315,0.0475968,0.0130176
508,0.0013248,0.165075,0.17385,0.047616,0.0134848
509,0.00128,0.167763,0.174042,0.0477184,0.0132928
510,0.00128,0.169741,0.173946,0.047872,0.013088
511,0.0013056,0.173837,0.175258,0.0475776,0.0135744
512,0.0012608,0.170746,0.176531,0.048128,0.013344
513,0.0012608,0.169325,0.178125,0.0477888,0.0132032
514,0.0012736,0.170112,0.179354,0.0478336,0.013504
515,0.0012672,0.170061,0.179872,0.0479296,0.0132416
516,0.0012864,0.167558,0.180243,0.0473536,0.0133888
517,0.0012608,0.168102,0.180064,0.047296,0.0138368
518,0.0012736,0.16759,0.179552,0.0476096,0.0132032
519,0.0012736,0.168979,0.179418,0.0475648,0.0134336
520,0.0012736,0.169082,0.178419,0.047488,0.0134336
521,0.0013248,0.170669,0.177882,0.0474816,0.0134912
522,0.0012608,0.168832,0.177651,0.0475584,0.0132608
523,0.0012608,0.174458,0.177926,0.0476096,0.013248
524,0.0013184,0.172307,0.177536,0.0474304,0.013184
525,0.0012608,0.171475,0.176141,0.0473088,0.01312
526,0.0013056,0.175859,0.173696,0.047328,0.013248
527,0.00128,0.175021,0.174112,0.0469888,0.0133504
528,0.0020224,0.180064,0.173395,0.0472256,0.0136256
529,0.00128,0.173498,0.173651,0.0473152,0.013216
530,0.0012736,0.168909,0.173555,0.0470784,0.0133824
531,0.0012672,0.16647,0.174189,0.0472512,0.0136512
532,0.0012672,0.164378,0.174893,0.0474368,0.0133568
533,0.0012608,0.162957,0.174918,0.0476864,0.0133568
534,0.0012608,0.162957,0.174003,0.047264,0.0137664
535,0.0012672,0.163494,0.173504,0.0475968,0.0134016
536,0.0012608,0.164077,0.173299,0.0475904,0.0133632
537,0.00128,0.163597,0.173312,0.0473984,0.0132224
538,0.0012672,0.165434,0.173146,0.0477376,0.0133568
539,0.0013248,0.166694,0.173549,0.0473216,0.013696
540,0.0012672,0.16729,0.173555,0.0481856,0.0132928
541,0.001728,0.172224,0.174189,0.0478016,0.0135168
542,0.0012736,0.172058,0.174547,0.0476224,0.01376
543,0.0012736,0.170637,0.175622,0.0478464,0.013536
544,0.0012736,0.168269,0.176422,0.047904,0.0136192
545,0.00192,0.172614,0.176339,0.047936,0.0135616
546,0.0012992,0.161222,0.174291,0.0475136,0.013408
547,0.0013248,0.160832,0.171571,0.047776,0.0137024
548,0.001216,0.161587,0.170765,0.0477312,0.0132672
549,0.0012672,0.158746,0.170675,0.047552,0.0135232
550,0.0019456,0.164314,0.170445,0.04768,0.0134784
551,0.0012672,0.157958,0.17001,0.047392,0.0129216
552,0.0012864,0.157811,0.169242,0.0475968,0.012992
553,0.0012608,0.162816,0.169587,0.047424,0.0136512
554,0.0012544,0.160064,0.16951,0.0473408,0.0137024
555,0.0012864,0.164787,0.169338,0.0477184,0.0130048
556,0.0012736,0.164723,0.168851,0.047104,0.0134528
557,0.0018112,0.166944,0.16832,0.0468736,0.0139328
558,0.0013248,0.165126,0.169325,0.0468864,0.0137728
559,0.0012864,0.163008,0.170342,0.0469696,0.0135552
560,0.001248,0.16455,0.171648,0.0473408,0.0135168
561,0.0012736,0.162336,0.172646,0.0473664,0.01344
562,0.00128,0.160627,0.173952,0.0475648,0.0133504
563,0.0012672,0.157792,0.175814,0.0472704,0.013632
564,0.0012544,0.161466,0.176294,0.0477568,0.0134848
565,0.0012608,0.160518,0.177094,0.0476864,0.0134912
566,0.0013056,0.159213,0.17888,0.0477888,0.0133632
567,0.0012928,0.160134,0.178733,0.0480384,0.01296
568,0.0012672,0.158547,0.178925,0.0476224,0.0135296
569,0.0012608,0.159859,0.178483,0.0476096,0.0136192
570,0.0012928,0.160403,0.178138,0.0474944,0.013696
571,0.00128,0.159994,0.177338,0.0475648,0.0134848
572,0.0012672,0.162771,0.178144,0.0479168,0.0134208
573,0.0018496,0.165952,0.177766,0.047712,0.013408
574,0.0012864,0.166093,0.177581,0.0477824,0.0135168
575,0.0012736,0.163379,0.177229,0.0474816,0.0136576
576,0.0012672,0.162323,0.177664,0.047584,0.0136704
577,0.0012992,0.162963,0.176621,0.0475968,0.0137152
578,0.0012608,0.158701,0.175917,0.0477312,0.0136256
579,0.0012928,0.159494,0.176614,0.0475776,0.0134784
580,0.0012736,0.156806,0.17607,0.0475328,0.0135296
581,0.00128,0.158355,0.175782,0.0476992,0.0136064
582,0.0012608,0.16071,0.174643,0.0477824,0.0133888
583,0.00128,0.159731,0.175072,0.0472704,0.0139904
584,0.0016768,0.16816,0.174861,0.0479616,0.0134144
585,0.0012736,0.161453,0.174854,0.047552,0.0134464
586,0.001248,0.160467,0.174624,0.0472704,0.0138752
587,0.00128,0.163194,0.174733,0.0477824,0.013344
588,0.0012992,0.162586,0.175136,0.0475072,0.0137216
589,0.0012736,0.163328,0.174042,0.0476736,0.0135104
590,0.00128,0.162618,0.173747,0.0474176,0.013728
591,0.0019456,0.168346,0.172966,0.0473856,0.0136704
592,0.001312,0.162202,0.171053,0.0476352,0.013344
593,0.001248,0.164032,0.169126,0.0476608,0.0133696
594,0.0012544,0.16272,0.167699,0.0471616,0.0137664
595,0.0012736,0.161165,0.165344,0.0469952,0.0136192
596,0.0012736,0.165811,0.166285,0.04752,0.01344
597,0.00128,0.159949,0.16633,0.0477568,0.0130368
598,0.00128,0.162323,0.167578,0.0472576,0.0136064
599,0.00128,0.158022,0.169197,0.047392,0.0135616
600,0.0012672,0.15648,0.170074,0.04736,0.0135488
601,0.0012672,0.157728,0.17104,0.047648,0.0136192
602,0.0012864,0.156282,0.17239,0.048224,0.0128832
603,0.0012672,0.155904,0.172314,0.0480192,0.0132352
604,0.0012992,0.156845,0.171539,0.0476864,0.0135872
605,0.0012608,0.156294,0.171552,0.047968,0.0134208
606,0.0012736,0.15607,0.171181,0.0477056,0.0138752
607,0.0013248,0.158042,0.17127,0.048416,0.012704
608,0.0012736,0.155354,0.171475,0.0479744,0.0134336
609,0.0012736,0.157376,0.171264,0.0480448,0.013312
610,0.0012608,0.154771,0.170662,0.0479872,0.0133312
611,0.00128,0.153395,0.170138,0.0475328,0.013728
612,0.0013056,0.151418,0.169722,0.0479104,0.0133568
613,0.0012992,0.151232,0.16969,0.0476608,0.0136832
614,0.00128,0.152346,0.168973,0.0475904,0.0134976
615,0.0012608,0.151578,0.168358,0.0476352,0.0136128
616,0.0012672,0.149606,0.167859,0.047584,0.0135808
617,0.0012544,0.15049,0.167418,0.0473664,0.0137984
618,0.0012544,0.151219,0.165894,0.0478848,0.0135232
619,0.0012736,0.149434,0.166278,0.047904,0.0132992
620,0.0018624,0.153299,0.16608,0.0479552,0.013312
621,0.0012672,0.150477,0.166944,0.0476672,0.013824
622,0.0012608,0.151981,0.16727,0.047776,0.0135552
623,0.0012672,0.150835,0.16752,0.0475392,0.01312
624,0.0012736,0.153613,0.167878,0.0477632,0.0132736
625,0.00128,0.15305,0.168365,0.0472704,0.0136
626,0.0012864,0.154931,0.168198,0.0472704,0.0131264
627,0.0012992,0.161914,0.167642,0.047168,0.0133376
628,0.0013248,0.161984,0.166733,0.046944,0.0137408
629,0.0012672,0.162458,0.165811,0.046976,0.013056
630,0.0012544,0.168563,0.164851,0.0468032,0.013632
631,0.00128,0.162317,0.165107,0.0464768,0.0136192
632,0.0012736,0.164064,0.162234,0.0464384,0.0132416
633,0.0012672,0.167635,0.156634,0.0461376,0.0137088
634,0.00128,0.169043,0.154054,0.045504,0.0136832
635,0.00128,0.171283,0.151693,0.0451968,0.0137024
636,0.0012736,0.169466,0.149158,0.0451072,0.0132736
637,0.0012672,0.160294,0.159014,0.0466048,0.0134272
638,0.001312,0.15936,0.171584,0.0469568,0.013376
639,0.00128,0.163302,0.169939,0.0457792,0.0134976
640,0.0012608,0.16343,0.166534,0.045952,0.0135168
641,0.0012672,0.168378,0.166426,0.0461504,0.013408
642,0.00128,0.165894,0.16512,0.046048,0.0133376
643,0.0018752,0.17033,0.163514,0.0462976,0.0132864
644,0.00128,0.170848,0.163078,0.0465984,0.0135168
645,0.0012928,0.176627,0.163162,0.046592,0.0134528
646,0.0012608,0.182016,0.16473,0.0462592,0.013664
647,0.0012736,0.18112,0.164883,0.045792,0.0136128
648,0.0012672,0.18368,0.164282,0.0457856,0.013376
649,0.0012736,0.188397,0.164646,0.0458496,0.0135872
650,0.00128,0.184902,0.165082,0.0456192,0.0135104
651,0.0012608,0.184224,0.165331,0.045408,0.0136
652,0.0012736,0.185645,0.167571,0.0457792,0.0133568
653,0.0012672,0.178573,0.168147,0.0456448,0.0136192
654,0.0012736,0.176256,0.168134,0.0461184,0.0132032
655,0.0012992,0.175994,0.169869,0.0456192,0.0139328
656,0.00128,0.174406,0.170739,0.0461568,0.0133568
657,0.00128,0.174362,0.171936,0.0462592,0.0133824
658,0.0012608,0.175411,0.172166,0.0464768,0.0130112
659,0.0012544,0.178163,0.173741,0.0460928,0.0135168
660,0.0012608,0.175814,0.174157,0.0460864,0.0136384
661,0.001312,0.177402,0.175853,0.0466816,0.0132416
662,0.0013504,0.175392,0.175872,0.0466048,0.013728
663,0.0012736,0.177696,0.175642,0.047072,0.0137408
664,0.0012608,0.175648,0.177178,0.04736,0.0137216
665,0.0012544,0.179558,0.179917,0.0478528,0.0134336
666,0.0012736,0.179232,0.180826,0.0476992,0.0137408
667,0.0012608,0.178035,0.179181,0.0477952,0.012832
668,0.0012672,0.181363,0.179245,0.047264,0.0129792
669,0.0012672,0.177786,0.180122,0.046528,0.0135232
670,0.001248,0.176019,0.180371,0.0461248,0.0133632
671,0.0012544,0.176224,0.179981,0.0462784,0.013376
672,0.0012736,0.174637,0.178182,0.0455872,0.0139776
673,0.0012736,0.174797,0.177965,0.0459328,0.013728
674,0.0012736,0.17079,0.175667,0.045728,0.0135936
675,0.0012544,0.168346,0.175283,0.045696,0.0135488
676,0.0020288,0.172038,0.175398,0.0457216,0.0136128
677,0.0012672,0.168045,0.17561,0.0456448,0.0135936
678,0.0012736,0.169261,0.175552,0.045568,0.013568
679,0.0012864,0.172678,0.175866,0.0457024,0.0134848
680,0.0012736,0.170579,0.17408,0.0454976,0.0136064
681,0.0012672,0.170944,0.174432,0.0452416,0.013568
682,0.0013056,0.167232,0.172275,0.0454912,0.013536
683,0.00128,0.167168,0.170266,0.0459904,0.0129792
684,0.0012672,0.167283,0.168224,0.0459584,0.013696
685,0.0012864,0.170413,0.167981,0.0461632,0.0135872
686,0.0015552,0.173952,0.169594,0.0466112,0.0131648
687,0.00128,0.169856,0.174074,0.0463424,0.0133056
688,0.0012864,0.171712,0.175776,0.0465728,0.0134272
689,0.0012736,0.163725,0.178349,0.0467456,0.0132416
690,0.00128,0.165882,0.177203,0.0466176,0.0133312
691,0.0012672,0.164576,0.17559,0.0468544,0.0134464
692,0.0012672,0.163098,0.173626,0.0469184,0.0133696
693,0.0012544,0.166861,0.173741,0.0472768,0.013408
694,0.0012672,0.159674,0.175277,0.0473536,0.0135424
695,0.0012672,0.157638,0.173875,0.0473344,0.0137088
696,0.0012672,0.156173,0.172627,0.0476672,0.0131776
697,0.0012736,0.154419,0.173389,0.0475456,0.0132416
698,0.0012736,0.15024,0.17401,0.0471744,0.014016
699,0.0012672,0.14944,0.172954,0.0475456,0.0133312
700,0.00128,0.153024,0.172787,0.047744,0.0133184
701,0.0012608,0.150253,0.17159,0.0472448,0.0135168
702,0.0012672,0.153363,0.171488,0.047648,0.013088
703,0.0012736,0.15136,0.171738,0.047168,0.01376
704,0.0012928,0.152736,0.170778,0.0475712,0.0133568
705,0.0012736,0.155123,0.17015,0.047616,0.013376
706,0.0012736,0.15353,0.169926,0.0472384,0.0134208
707,0.001344,0.158285,0.16951,0.0472064,0.0137152
708,0.00128,0.160051,0.169139,0.0478208,0.0134848
709,0.00128,0.163187,0.171014,0.0478976,0.0134784
710,0.0012736,0.163674,0.172704,0.0482752,0.013056
711,0.0012672,0.169984,0.171942,0.0475904,0.0138752
712,0.0012672,0.174029,0.172173,0.047776,0.0137408
713,0.0012608,0.175533,0.175661,0.0480512,0.0133376
714,0.0012672,0.179347,0.177926,0.0480064,0.0133248
715,0.0012608,0.188845,0.178342,0.0480128,0.0131584
716,0.0012736,0.190029,0.177312,0.0478592,0.0136448
717,0.0012608,0.197472,0.175405,0.04816,0.0127936
718,0.0012608,0.198445,0.172915,0.0480064,0.0133184
719,0.0012864,0.200819,0.171955,0.0475648,0.013344
720,0.00128,0.203398,0.168058,0.0471936,0.0138496
721,0.0012736,0.204966,0.167533,0.0474752,0.0133312
722,0.0012864,0.202157,0.169389,0.047552,0.0130496
723,0.00128,0.203354,0.172973,0.0476992,0.0136448
724,0.0012608,0.200954,0.179802,0.0476288,0.0139776
725,0.00128,0.192378,0.181133,0.0477248,0.0138688
726,0.0012736,0.187782,0.178298,0.0477056,0.0134848
727,0.001248,0.180333,0.174246,0.0472448,0.0137088
728,0.0012544,0.174381,0.167066,0.0467648,0.0134848
729,0.0012608,0.165574,0.162413,0.0464448,0.01344
730,0.0020608,0.16185,0.157862,0.0461184,0.0132416
731,0.0012736,0.150029,0.15479,0.0449408,0.0135936
732,0.0012672,0.143251,0.150118,0.0436352,0.0134464
733,0.0013376,0.139142,0.140013,0.042528,0.013376
734,0.0012736,0.118573,0.136454,0.0412928,0.0135744
735,0.0012544,0.116896,0.134003,0.0408704,0.0138944
736,0.00128,0.111507,0.132,0.0407552,0.013568
737,0.0019136,0.110093,0.127616,0.040288,0.0136
738,0.0012736,0.0988672,0.12505,0.039776,0.013536
739,0.00128,0.0958656,0.121402,0.0390976,0.0138048
740,0.0012736,0.0967168,0.11817,0.0393088,0.013376
741,0.0012608,0.0919296,0.115795,0.0384064,0.0136256
742,0.0012736,0.0899904,0.113536,0.0381376,0.013536
743,0.0012608,0.0886272,0.111219,0.0379072,0.0131328
744,0.0012736,0.0882048,0.109229,0.0373376,0.0137024
745,0.0012736,0.0884672,0.106029,0.0371648,0.0131584
746,0.001312,0.0868288,0.103213,0.0364672,0.0140352
747,0.00128,0.0867648,0.102221,0.03632,0.0138816
748,0.0012608,0.0828608,0.101062,0.035936,0.013856
749,0.0012608,0.0795648,0.0992064,0.0362432,0.0138304
750,0.00128,0.076896,0.0975744,0.0358272,0.0135808
751,0.0012736,0.074272,0.0920256,0.035328,0.0131968
752,0.00128,0.0729984,0.0913024,0.034688,0.0134912
753,0.0012608,0.073504,0.0900032,0.0345408,0.0133696
754,0.0012608,0.0708928,0.0889088,0.0340224,0.013728
755,0.0012928,0.0710528,0.0879296,0.0336704,0.013824
756,0.0012736,0.0708672,0.0867328,0.0334976,0.0132544
757,0.0012672,0.0689152,0.0861312,0.0327936,0.0136896
758,0.0012544,0.0702912,0.0850496,0.0324864,0.0132928
759,0.0012736,0.0679808,0.0840128,0.032096,0.0134656
760,0.0013248,0.0671552,0.0833856,0.0315136,0.0135168
761,0.0013184,0.0662656,0.082368,0.0311104,0.0134976
762,0.0012608,0.0668736,0.0805568,0.0306496,0.013696
763,0.0013312,0.0656128,0.0795072,0.0301184,0.013408
764,0.00192,0.0669952,0.0780544,0.0295168,0.0137152
765,0.0012736,0.0654144,0.0768256,0.0293952,0.01328
766,0.0012608,0.0648448,0.0751104,0.0286592,0.0134208
767,0.0013056,0.0636992,0.0735872,0.0281088,0.0133824
768,0.0012672,0.0616704,0.0719744,0.0277184,0.0133184
769,0.0013376,0.0611456,0.0704256,0.0274816,0.0131904
770,0.0012736,0.060224,0.068768,0.0260352,0.0137088
771,0.0012736,0.0585664,0.0674112,0.0253888,0.013504
772,0.0012736,0.05648,0.0650304,0.0244288,0.0136192
773,0.0012928,0.0559872,0.062656,0.0234176,0.0137536
774,0.00128,0.0556032,0.0614528,0.0227584,0.0137792
775,0.0013056,0.0549696,0.0604416,0.0218304,0.0137344
776,0.00128,0.0544832,0.058304,0.0212672,0.0132864
777,0.0012864,0.0537152,0.056416,0.0204096,0.0137024
778,0.00128,0.0539648,0.0544128,0.0194752,0.0137088
779,0.0012608,0.0529472,0.0522752,0.0183104,0.0137216
780,0.00128,0.0515712,0.049664,0.0174848,0.013856
781,0.0012864,0.0509248,0.0464064,0.016736,0.0136
782,0.0012608,0.048608,0.0428608,0.014944,0.0136768
783,0.0012928,0.048992,0.0409536,0.014848,0.0132352
784,0.001248,0.0504896,0.04144,0.0143488,0.0138688
785,0.00128,0.051232,0.0427776,0.0145216,0.0134784
786,0.001248,0.0541376,0.0449408,0.0145536,0.0139136
787,0.0012672,0.0566016,0.0469312,0.014816,0.0137088
788,0.0012608,0.0615936,0.0490944,0.0157248,0.012992
789,0.00128,0.0677568,0.0525888,0.015968,0.0137152
790,0.00128,0.0699968,0.0557632,0.0174144,0.013504
791,0.0012352,0.0724928,0.0585344,0.0189696,0.0132608
792,0.0012864,0.0742912,0.0616768,0.019936,0.0138816
793,0.0012928,0.0764224,0.0646016,0.0215872,0.013472
794,0.00128,0.0788672,0.0662912,0.0225024,0.013536
795,0.0012736,0.078528,0.0692032,0.0230976,0.0137792
796,0.0012672,0.0818688,0.0708032,0.0242752,0.0136512
797,0.0012672,0.0851136,0.073408,0.0251648,0.0130112
798,0.0019968,0.088224,0.0752704,0.0252224,0.0138688
799,0.0012672,0.0871232,0.0748864,0.0254272,0.013248
800,0.0012608,0.0880768,0.0764864,0.02496,0.0134144
801,0.0012736,0.0878912,0.0744128,0.0247296,0.0135488
802,0.0012864,0.0887296,0.075296,0.0242944,0.0133504
803,0.0012672,0.0884352,0.075232,0.0242368,0.0129472
804,0.0012736,0.0876992,0.0741056,0.023744,0.0133568
805,0.001312,0.0871488,0.07424,0.0232064,0.0138368
806,0.0012864,0.086208,0.0738816,0.0228736,0.0130496
807,0.0012672,0.086752,0.0726016,0.0220736,0.0139072
808,0.0012608,0.0865344,0.0718592,0.0218752,0.013376
809,0.0012736,0.085056,0.070432,0.0212992,0.01344
810,0.0012864,0.0834496,0.070176,0.0209856,0.0135232
811,0.0012672,0.0814528,0.067456,0.0203072,0.013408
812,0.0012672,0.0804032,0.0671232,0.019776,0.0133696
813,0.0012864,0.0802112,0.0660416,0.0192896,0.0133184
814,0.0012608,0.07888,0.0644672,0.0182976,0.0140096
815,0.0018048,0.079328,0.063232,0.0182848,0.0137792
816,0.0012736,0.0787584,0.0619136,0.017856,0.0133248
817,0.0012608,0.0773632,0.061792,0.01744,0.0136704
818,0.001248,0.0754112,0.0602176,0.017312,0.0131072
819,0.0013248,0.075904,0.059552,0.0168256,0.0134208
820,0.0012672,0.07392,0.0587008,0.0165696,0.0134144
821,0.00208,0.0782656,0.0587264,0.0162176,0.0132352
822,0.0012608,0.0750976,0.05744,0.0157504,0.0136704
823,0.0013184,0.0739072,0.0565632,0.0159296,0.0134016
824,0.00192,0.0735808,0.0555584,0.0154048,0.0137344
825,0.0012736,0.0718912,0.0548096,0.0154048,0.0134272
826,0.0012736,0.0713408,0.0542912,0.0151552,0.0134016
827,0.0013056,0.0700992,0.0536576,0.0149824,0.0132096
828,0.0012928,0.0687872,0.0531328,0.01488,0.0134208
829,0.001312,0.068704,0.0525696,0.014496,0.0137792
830,0.00128,0.0682752,0.0543552,0.0147392,0.0134848
831,0.0012864,0.0700224,0.055584,0.0149696,0.0138176
832,0.0012672,0.0714752,0.0578688,0.015936,0.0133824
833,0.0012608,0.0738496,0.060384,0.0170112,0.0132992
834,0.0012608,0.075648,0.063776,0.0177024,0.0133696
835,0.0012608,0.0750272,0.0651008,0.0185856,0.0136704
836,0.0012672,0.076512,0.0678976,0.0200576,0.0133568
837,0.0012736,0.07904,0.0715328,0.0209344,0.0135744
838,0.0012608,0.0789888,0.0731136,0.0220032,0.0134592
839,0.00128,0.0802048,0.0749952,0.0229568,0.0137216
840,0.0012736,0.082656,0.0758656,0.0235008,0.0137856
841,0.0012608,0.0833728,0.077248,0.0247872,0.012928
842,0.0012608,0.0839872,0.0792,0.0253184,0.0136576
843,0.0012992,0.0840512,0.0817216,0.0260032,0.0136896
844,0.00128,0.0859008,0.0825408,0.0269312,0.01344
845,0.001248,0.0854592,0.0850496,0.027264,0.013472
846,0.0012672,0.0857152,0.0861568,0.0278144,0.0134976
847,0.0012672,0.0874432,0.0874048,0.0281728,0.0136448
848,0.0012672,0.0878336,0.0890624,0.028672,0.013504
849,0.0012672,0.0882624,0.0894656,0.0287872,0.0138624
850,0.0012672,0.0907776,0.0901376,0.029088,0.0138304
851,0.0012672,0.0898432,0.0919744,0.0297152,0.0134272
852,0.001312,0.0911872,0.092928,0.0299392,0.0133248
853,0.00128,0.0942144,0.0955456,0.0302528,0.0132928
854,0.0012544,0.094432,0.0966272,0.0305984,0.0133952
855,0.0012736,0.0958144,0.0979328,0.0306944,0.0135296
856,0.0012672,0.0962816,0.0983808,0.0308672,0.0136384
857,0.0012736,0.098336,0.0981888,0.0310144,0.0133504
858,0.0012608,0.097184,0.0983296,0.0308992,0.0133248
859,0.00128,0.0968192,0.0986304,0.0309248,0.013632
860,0.0012544,0.0985472,0.0994048,0.0312192,0.0133248
861,0.0012736,0.100934,0.099776,0.0310528,0.013728
862,0.0012736,0.100557,0.100461,0.0312576,0.01376
863,0.00128,0.101466,0.100166,0.0311616,0.0139648
864,0.0012928,0.102765,0.100422,0.0318144,0.0135296
865,0.0012992,0.104634,0.101466,0.0322112,0.0131264
866,0.00128,0.105421,0.101594,0.0324352,0.0132736
867,0.0012736,0.105779,0.103021,0.0320128,0.0133888
868,0.0019456,0.110336,0.102752,0.0324224,0.0136128
869,0.00128,0.109395,0.105216,0.0326336,0.0136384
870,0.0012096,0.110208,0.106675,0.0330624,0.0135232
871,0.001312,0.111712,0.108442,0.0328512,0.0138048
872,0.0012736,0.113184,0.110746,0.0332672,0.013408
873,0.0013504,0.117606,0.113133,0.0335488,0.013312
874,0.00128,0.117939,0.116851,0.0336832,0.0135552
875,0.0012992,0.120237,0.119872,0.0334528,0.013472
876,0.0012736,0.12128,0.122848,0.0334656,0.0137152
877,0.00128,0.124006,0.126381,0.0340864,0.013504
878,0.001248,0.123347,0.130246,0.0337792,0.013632
879,0.0012544,0.124845,0.133587,0.0340608,0.0133056
880,0.0012864,0.1288,0.136576,0.0336256,0.0140352
881,0.0012672,0.121562,0.135072,0.0336768,0.014048
882,0.0012608,0.116666,0.126861,0.0340736,0.013344
883,0.0012672,0.118234,0.124179,0.0355008,0.013344
884,0.0012608,0.121075,0.127117,0.0365312,0.0133952
885,0.0012672,0.11081,0.137862,0.0376192,0.0135872
886,0.00192,0.147923,0.183219,0.0469312,0.0134016
887,0.0012736,0.152531,0.176499,0.0473792,0.0137088
888,0.0012672,0.147859,0.171539,0.0480576,0.013312
889,0.0012672,0.139053,0.165638,0.0476864,0.0129856
890,0.0013184,0.133734,0.157459,0.0455424,0.0136384
891,0.0012544,0.124544,0.148762,0.0437184,0.0131072
892,0.0012672,0.117133,0.140986,0.0415488,0.0131968
893,0.0012544,0.114662,0.136205,0.0399296,0.0137344
894,0.0012736,0.112582,0.13401,0.0391616,0.0136128
895,0.0012736,0.111072,0.133216,0.03872,0.0134144
896,0.001312,0.110931,0.133395,0.0388416,0.0132224
897,0.0012672,0.108102,0.133338,0.0385024,0.0134784
898,0.0018688,0.108838,0.13296,0.0386368,0.0139392
899,0.001248,0.106349,0.13271,0.0387008,0.0137088
900,0.0012608,0.106509,0.133722,0.0388416,0.0137152
901,0.0012608,0.109395,0.135117,0.0389248,0.0131136
902,0.0012608,0.109312,0.13648,0.0394176,0.0135936
903,0.0012864,0.113216,0.138733,0.039648,0.013536
904,0.0012736,0.112922,0.140314,0.0402432,0.013632
905,0.001984,0.116768,0.142176,0.0410368,0.0133376
906,0.0012928,0.112934,0.142957,0.041376,0.01376
907,0.00128,0.11552,0.143002,0.0421632,0.0134848
908,0.0012992,0.120422,0.144237,0.0430592,0.0130112
909,0.00128,0.125952,0.146426,0.0430976,0.0138176
910,0.0012672,0.125107,0.148294,0.0437952,0.0134912
911,0.0012736,0.126899,0.14857,0.0436736,0.013984
912,0.0012672,0.130842,0.1472,0.0441984,0.0131008
913,0.0012736,0.133037,0.145773,0.0446528,0.0133568
914,0.0012928,0.131053,0.14489,0.0445632,0.0136448
915,0.0012672,0.131475,0.145293,0.0447424,0.0137792
916,0.0012672,0.13479,0.144262,0.044512,0.0139392
917,0.0012864,0.139424,0.145779,0.0449216,0.0133184
918,0.0012736,0.126976,0.150701,0.0450112,0.013664
919,0.0013056,0.131533,0.16553,0.0465728,0.0135808
920,0.0012608,0.135654,0.173536,0.0469504,0.0137024
921,0.0012672,0.139693,0.173651,0.0472768,0.0136896
922,0.0012608,0.133971,0.17673,0.0475328,0.0135744
923,0.001312,0.136742,0.178195,0.0477632,0.013184
924,0.0012608,0.134285,0.17872,0.0477888,0.0135872
925,0.0012672,0.13559,0.179744,0.0477504,0.0132544
926,0.0012608,0.136077,0.181683,0.0475328,0.0133504
927,0.0012672,0.137664,0.181907,0.0477312,0.0133824
928,0.0012672,0.137222,0.182656,0.0478144,0.0133504
929,0.0012736,0.139149,0.184102,0.0473792,0.0135296
930,0.0012608,0.137677,0.184544,0.047552,0.0133248
931,0.0012608,0.138342,0.185389,0.0473536,0.0134912
932,0.0012672,0.13824,0.186669,0.047328,0.0137344
933,0.0012672,0.139648,0.188077,0.0471104,0.0138112
934,0.0012736,0.141139,0.188973,0.0477376,0.0132864
935,0.0012608,0.142842,0.190387,0.0474368,0.0135616
936,0.001248,0.140966,0.19152,0.0476992,0.0133696
937,0.0012736,0.140582,0.192851,0.0472832,0.0134656
938,0.0012672,0.142381,0.194477,0.047424,0.0135488
939,0.0012736,0.141773,0.195866,0.0472832,0.0137856
940,0.0012608,0.14,0.196614,0.0471168,0.0140224
941,0.0012672,0.143098,0.197216,0.0475456,0.0134272
942,0.0012736,0.141632,0.198016,0.0474624,0.0135552
943,0.00128,0.141805,0.198822,0.0472,0.0140096
944,0.001216,0.142445,0.199731,0.0478592,0.0134848
945,0.0012672,0.141843,0.200544,0.0475648,0.0136192
946,0.00128,0.142944,0.201056,0.0476416,0.0133568
947,0.0012608,0.143974,0.201229,0.0480704,0.0131392
948,0.0012864,0.141805,0.201779,0.0477824,0.0132928
949,0.0012864,0.145952,0.202586,0.0475072,0.0136832
950,0.0012672,0.146291,0.202566,0.04768,0.0134272
951,0.0012672,0.145254,0.203302,0.047648,0.0135552
952,0.0012672,0.14455,0.202803,0.0474432,0.0140288
953,0.0019648,0.145562,0.202861,0.0475072,0.0137216
954,0.00128,0.146547,0.20183,0.0478656,0.0135808
955,0.00128,0.14647,0.201498,0.04768,0.0135872
956,0.00128,0.146566,0.201478,0.0478976,0.0134784
957,0.0012672,0.147866,0.201338,0.0479744,0.01328
958,0.0012672,0.147142,0.201011,0.0476608,0.0137728
959,0.0012736,0.148243,0.200525,0.0479424,0.0134464
960,0.0012544,0.146662,0.20039,0.0480576,0.0131008
961,0.0012608,0.14512,0.200358,0.0474368,0.0136704
962,0.0012736,0.144832,0.199974,0.0475904,0.0136192
963,0.0012736,0.144947,0.199994,0.0476928,0.0135104
964,0.0012672,0.145267,0.20009,0.0474816,0.0136512
965,0.0012992,0.144102,0.20048,0.0473344,0.0137152
966,0.0012608,0.144461,0.200077,0.0476416,0.0131072
967,0.0019072,0.146502,0.201747,0.0474112,0.013504
968,0.0012992,0.144378,0.203034,0.0470912,0.0136512
969,0.0012672,0.14528,0.205619,0.0473472,0.0132224
970,0.00128,0.143834,0.208384,0.0472,0.0136256
971,0.0012608,0.143059,0.209715,0.047104,0.013216
972,0.0012736,0.145862,0.210694,0.0471872,0.0133568
973,0.0012544,0.157357,0.217043,0.0476032,0.013376
974,0.00128,0.174893,0.218995,0.0482816,0.0132928
975,0.0012864,0.178355,0.218464,0.0485312,0.0138688
976,0.0012416,0.177805,0.213267,0.0491456,0.0137024
977,0.0012544,0.171008,0.208685,0.0487232,0.0132416
978,0.0012672,0.162061,0.205101,0.0484288,0.0135232
979,0.0012736,0.164506,0.207936,0.0481856,0.013312
980,0.00128,0.170406,0.21513,0.0489536,0.013312
981,0.00128,0.170413,0.214342,0.0482304,0.0136512
982,0.0012672,0.163699,0.209286,0.0480064,0.0130624
983,0.00128,0.16055,0.203405,0.0478144,0.0131264
984,0.0012736,0.162682,0.204493,0.0477824,0.0133568
985,0.0012864,0.164653,0.206944,0.047808,0.0134272
986,0.0012544,0.168781,0.207616,0.0480576,0.013696
987,0.0019072,0.174963,0.207725,0.0481344,0.0134912
988,0.001312,0.173312,0.208941,0.0482624,0.0133568
989,0.0019648,0.177478,0.21047,0.047744,0.0141632
990,0.0012736,0.174189,0.21257,0.0484224,0.013376
991,0.0012416,0.17728,0.214893,0.0486976,0.0134336
992,0.00208,0.182765,0.217382,0.0484224,0.0136
993,0.0012544,0.179168,0.219648,0.0485376,0.0136064
994,0.0012608,0.183046,0.21984,0.0488384,0.0135104
995,0.00128,0.179814,0.218656,0.0484224,0.0136576
996,0.00128,0.180966,0.217658,0.0486336,0.013216
997,0.0012544,0.174906,0.213818,0.04832,0.0136384
998,0.00128,0.171238,0.21143,0.0474688,0.0134336
999,0.00128,0.156736,0.206118,0.0482432,0.0133696
